Unnamed: 0,title,artist/s,danceability,energy,key,loudness,mode,speechiness,acousticness,valence,tempo,duration_ms,time_signature
0,I Know - Club Mix,Seo Taiji and Boys,0.698,0.738,10,-6.553,0,0.0546,0.124,0.681,109.705,227667,4
1,City People,N.EX.T,0.65,0.597,7,-15.466,1,0.0457,0.00134,0.91,124.834,269456,4
2,Very longtime Lovers,015B,0.697,0.691,1,-14.158,1,0.039,0.0175,0.579,112.277,253992,4
3,í¬ë§ì¬í­,Byun Jin-Sub,0.455,0.924,0,-4.586,1,0.066,0.569,0.359,128.21,283080,4
4,ë¬ì ëª°ë½,Kim Hyun Chul,0.699,0.668,6,-6.936,0,0.034,0.00181,0.856,109.937,254955,4
5,ë íë³µí´,Lee So Ra,0.467,0.237,5,-13.355,1,0.0326,0.501,0.135,129.808,266371,4
6,í ë¹ ë§ì Empty Heart,LEE SEUNG HWAN,0.547,0.304,11,-14.326,0,0.0336,0.429,0.157,74.164,249893,4
7,Speed,Kim Gun Mo,0.807,0.975,9,-4.023,0,0.0949,0.345,0.963,139.992,226267,4
8,ì´ë³ì ê·¸ë,Yoon Sang,0.581,0.585,2,-5.209,0,0.0245,0.356,0.267,129.894,269923,4
9,Reflection of You in Your Smile,Shin Seung Hun,0.568,0.28,11,-14.951,1,0.0293,0.769,0.22,130.741,289467,4
10,áá¡á¯áá¡á¯ááµáá¡ Speed Up Losers,Crying Nut,0.423,0.839,2,-6.652,1,0.102,0.00147,0.566,117.59,186000,4
11,ë¬í½ì´,PANIC,0.494,0.359,6,-10.907,1,0.0282,0.57,0.165,97.953,292389,4
12,Dreams Come True,S.E.S.,0.706,0.835,0,-4.357,1,0.0506,0.0813,0.771,93.943,245773,4
13,Full of happiness,H.O.T.,0.768,0.937,11,-5.637,0,0.0523,0.0111,0.77,133.046,211373,4
14,DOCááª áá®á·áá³á¯â¦ Dance with DOC,DJ DOC,0.753,0.964,2,-3.384,1,0.032,0.102,0.981,135.003,192840,4
15,Kung Ddari Sha Bah Rah,Clon,0.796,0.988,4,-2.846,1,0.0663,0.189,0.887,138.87,234093,4
16,Excuses,Kim Gun Mo,0.797,0.5,7,-8.707,1,0.0318,0.0309,0.549,91.988,219173,4
17,ë  ë ëì§ë§ Please Don't Leave Me,JYP Nation,0.539,0.668,0,-6.362,1,0.0432,0.488,0.314,116.967,313160,4
18,ëëµ ìë ë : Originally Performed By ê¹ì¢ì Karaoke Verison,ì½ì¼,0.555,0.294,5,-13.346,0,0.0313,0.198,0.134,132.03,253087,4
19,Poison : Originally Performed By ìì í Karaoke Verison,ì½ì¼,0.582,0.723,6,-14.018,1,0.0345,0.207,0.966,139.97,204340,4
0,Show Me Your Love,S.E.S.,0.724,0.79,4,-4.188,0,0.0413,0.113,0.632,79.998,340907,4
1,Like Yesterday - Mixed,Paul Cherry,0.699,0.341,3,-14.693,0,0.0564,0.831,0.702,148.042,225498,4
2,You Mean Everything To Me,Lena Park,0.592,0.525,2,-7.486,1,0.0273,0.278,0.165,140.511,276109,4
3,ììëì,Jo Sung Mo,0.454,0.233,7,-7.781,1,0.0326,0.479,0.177,130.082,327973,4
4,áá¡ áá®á¯áá¥áá£ I Will Give You Everything (Acoustic Version),ì¡°ê·ë§ Cho Kyu Man,0.429,0.379,9,-7.09,1,0.036,0.676,0.23,129.819,244133,4
5,Lie - Radio Version,Park Hwayobi,0.726,0.796,3,-3.512,0,0.043,0.451,0.495,131.993,250749,4
6,ID; Peace B,BoA,0.73,0.844,9,-4.166,0,0.112,0.021,0.679,100.042,238773,4
7,ì¾ì§ë ì¹­ì¹­ One Love,1TYM,0.832,0.762,8,-5.06,1,0.18,0.0136,0.827,95.077,235987,4
8,Only One,SHINHWA,0.74,0.69,0,-6.241,1,0.0439,0.0181,0.656,94.97,234400,4
9,Outside Castle (The Castle Outsiders),H.O.T.,0.464,0.745,0,-7.303,1,0.158,0.349,0.31,141.952,326293,4
10,Dash,Baek Ji Young,0.573,0.997,9,-2.266,1,0.0756,0.0212,0.692,179.482,209280,4
11,Run to You,DJ DOC,0.838,0.901,1,-3.436,1,0.0448,0.105,0.813,132.041,226160,4
12,ì¤ë¹ ,WAX,0.822,0.923,1,-3.456,0,0.097,0.00133,0.883,142.974,206707,4
13,Tears,So Chanwhee,0.33,0.891,0,-1.82,0,0.0452,0.000427,0.149,139.952,289518,4
14,Cyber lover,TURBO,0.72,0.928,7,-2.911,1,0.0703,0.0739,0.963,151.991,222734,4
15,Blue sky,Park Ki Young,0.653,0.568,0,-8.756,1,0.141,0.00827,0.923,117.926,48248,4
16,Magic carpet ride,JAURIM,0.696,0.752,1,-4.296,1,0.0381,0.121,0.744,130.033,213933,4
17,Back To The Realife,Yoon Sang,0.73,0.8,9,-6.028,1,0.0319,0.115,0.679,122.997,210808,4
18,ì ì¤ ìì ëêµ°ê°ì²ë¼,Shin Seung Hun,0.533,0.656,0,-7.111,1,0.0327,0.477,0.392,172.034,322064,4
19,Cheer up Mr. Kim,Rollercoaster,0.734,0.762,5,-5.78,1,0.0438,0.0562,0.66,119.997,246947,4
20,Marry Me,Lee Hyun Woo,0.504,0.548,0,-7.807,0,0.0503,0.108,0.6,74.692,255800,4
21,í´ì¤ ì ìë ì¼,Park Hyo Shin,0.332,0.503,0,-5.833,1,0.03,0.706,0.144,110.065,261277,4
22,ëì ì°ì¸,Lim Changjung,0.418,0.414,0,-6.536,0,0.0269,0.146,0.196,135.806,258378,4
23,ì¤ë : Originally Performed By ì´ì í Karaoke Verison,ì½ì¼,0.61,0.728,9,-13.543,0,0.0354,0.13,0.971,146.021,212618,4
24,ë : Originally Performed By ì´ì í Karaoke Verison,ì½ì¼,0.688,0.864,7,-10.983,0,0.0387,0.00548,0.66,137.978,203558,4
25,ê°ìëë¬´,Towner & Town Chief,0.341,0.336,0,-15.467,1,0.0891,0.913,0.324,77.553,234240,4
26,ê¸°ë Pray [Kbs Drmam Autumn],"S.H Project, KIM TAE-HEE",0.572,0.34,8,-9.43,1,0.0286,0.267,0.196,130.023,290920,4
27,Escape : Originally Performed By ìì í Karaoke Verison,ì½ì¼,0.574,0.708,8,-9.402,0,0.0341,0.237,0.657,137.988,219238,4
28,ì,Various Artists,0.737,0.964,9,-2.084,0,0.0403,0.0509,0.77,142.394,190436,4
29,ìì¸,ì´ìì,0.374,0.595,8,-4.065,0,0.0362,0.424,0.0821,143.325,237424,3
0,Just In Love,S.E.S.,0.65,0.899,7,-3.216,1,0.0467,0.288,0.556,94.972,290707,4
1,ë²ì¨ ì¼ë,Brown Eyes,0.72,0.73,8,-4.205,1,0.0237,0.19,0.55,104.017,207827,4
2,ìë¦ë¤ì´ ë ë¤,Jang Hyejin,0.466,0.676,6,-4.232,1,0.0329,0.277,0.14,137.945,248764,4
3,"I say ""I love you"" again",Kim Dong Ryul,0.566,0.51,2,-8.945,1,0.0302,0.169,0.255,139.862,287742,4
4,I Believe,Shin Seung Hun,0.526,0.195,7,-11.181,1,0.0298,0.869,0.112,130.21,284186,4
5,ê³ ë°±,Jang Na-ra,0.383,0.41,6,-6.513,1,0.0307,0.406,0.111,137.356,281652,4
6,I LOVE YOU,Position,0.397,0.391,10,-8.483,1,0.0305,0.555,0.187,139.956,329953,4
7,íì¥ì ê³ ì¹ê³ ,WAX,0.471,0.371,8,-6.775,1,0.0338,0.734,0.215,134.728,250387,4
8,í­ì ìì§ì ì¼ëê»,DELISPICE,0.426,0.837,6,-4.421,1,0.0317,0.00196,0.593,143.037,198478,4
9,áá¡á·ááµ ááµááá¥á»áá¦ Oh! What a Shiny Night,Crying Nut,0.719,0.613,9,-5.28,1,0.0475,0.194,0.301,115.169,248373,4
10,Zzanga,Kim Gun Mo,0.864,0.791,9,-5.844,0,0.0527,0.283,0.913,107.974,192293,4
11,ì,PSY,0.854,0.933,2,-4.341,1,0.109,0.043,0.882,119.878,193280,4
12,"Hey, Come On!",SHINHWA,0.794,0.925,9,-4.842,0,0.121,0.0361,0.787,103.025,208440,4
13,A-Yo,JINUSEAN,0.86,0.852,6,-3.646,0,0.135,0.0881,0.934,93.002,225947,4
14,Good Life,Drunken Tiger,0.762,0.885,9,-3.067,0,0.14,0.237,0.509,97.988,187260,4
15,ëë¬¼ì ì¼êµ´ì ë¬»ëë¤ String Version,Jang Na-ra,0.686,0.8,4,-5.413,0,0.0358,0.0565,0.554,95.027,241450,4
16,Endless,íë¼ì,0.45,0.594,0,-5.458,1,0.028,0.244,0.282,73.826,255556,4
17,Polaris,KANGTA,0.456,0.488,11,-8.509,1,0.0328,0.206,0.234,135.967,243160,4
18,Never Again,Lee Soo Young,0.464,0.591,9,-6.205,0,0.031,0.387,0.171,135.946,359314,4
19,ì ë¬¼,Un,0.45,0.519,11,-5.38,1,0.0287,0.5,0.106,139.968,265117,4
20,ì ë°,Lee So Ra,0.341,0.238,6,-12.345,0,0.0371,0.839,0.0687,117.255,258873,4
21,Sweety : Originally Performed By ìµ Karaoke Verison,ì½ì¼,0.584,0.656,5,-12.854,1,0.0296,0.0898,0.905,125.01,201819,4
22,ìê°ì´ íë¥¸ë¤ (As Time Goes By) [In the Style of Yoon Mi Rae[T]] - Karaoke,Groove Edition,0.712,0.23,8,-9.014,0,0.0629,0.00408,0.447,131.962,268617,4
23,ë : Originally Performed By ì¤í¬ë¼ Karaoke Verison,ì½ì¼,0.608,0.701,3,-12.229,0,0.0284,0.00503,0.892,145.013,218674,4
24,ì¶ë½ : Originally Performed By ë°±ì§ì Karaoke Verison,ì½ì¼,0.711,0.749,2,-12.691,0,0.0307,0.245,0.956,127.125,236887,4
25,ì°¾ê¸¸ë°ë : Originally Performed By ì ì¹ì¤ Karaoke Verison,ì½ì¼,0.604,0.705,7,-12.308,1,0.0312,0.0659,0.745,120.999,223987,4
26,ìê°ì´ íë¥¸ë¤,Various Artists,0.701,0.416,7,-9.614,1,0.0542,0.633,0.251,131.818,266987,4
27,ë´ ìì  ë°ë»í ì»¤í¼ì²ë¼,Lee Ji Hye,0.756,0.559,6,-10.09,0,0.0766,0.178,0.544,90.006,267880,4
28,Magic,Chae Jungahn,0.719,0.972,8,-3.244,1,0.0498,0.0543,0.944,140.004,228667,4
29,ì¬ëíëê¹ : Originally Performed By ë¬¸ì°¨ì¼ë Karaoke Verison,ì½ì¼,0.487,0.247,9,-18.166,0,0.03,0.439,0.112,144.0,343909,4
0,ìëìì´ ì£¼ë ëë¬´ : Originally Performed By ë¬¸í¬ì¤ Karaoke Verison,ì½ì¼,0.438,0.456,9,-14.843,0,0.0411,0.3,0.234,84.984,220778,4
1,No.1,BoA,0.727,0.84,8,-4.293,1,0.0964,0.114,0.807,102.993,193227,4
2,Perfect Man,SHINHWA,0.751,0.912,5,-1.822,0,0.0391,0.0247,0.804,108.002,205000,4
3,ëì ë¨ì Bad Man,Rain,0.849,0.855,10,-4.494,0,0.187,0.13,0.716,93.706,217533,4
4,Sea Of Love,FLY TO THE SKY,0.643,0.891,11,-2.757,1,0.1,0.0732,0.541,110.044,255892,4
5,A Better Day,JTL,0.722,0.655,8,-2.714,0,0.068,0.0683,0.739,81.022,246893,4
6,Miracle,Un,0.656,0.532,11,-6.367,1,0.0529,0.456,0.46,124.039,279928,4
7,U,S.E.S.,0.77,0.87,11,-5.368,0,0.123,0.257,0.55,100.974,204893,4
8,I'm my fan,JAURIM,0.342,0.78,7,-5.232,1,0.0421,0.0363,0.354,185.619,277227,4
9,ë ì¬ëì ë¹ ì¡ì£ ,Park Ji Yoon,0.775,0.758,5,-5.463,1,0.0429,0.188,0.705,138.003,232200,4
10,ëíê° íìí´,The Jadu,0.74,0.555,9,-5.989,1,0.251,0.354,0.617,79.977,240440,4
11,Lalala,Lee Soo Young,0.502,0.49,11,-6.264,1,0.0289,0.293,0.375,79.961,273502,4
12,ìëëì,Realslow,0.566,0.443,1,-8.09,1,0.047,0.351,0.184,137.934,270240,4
13,Seulpun honjatmal,Lim Changjung,0.487,0.404,9,-7.224,1,0.026,0.437,0.244,79.886,260480,4
14,ë¶íí´ì,WAX,0.654,0.325,2,-8.102,1,0.029,0.754,0.236,131.696,233520,4
15,ì¢ìì¬ë,Park Hyo Shin,0.323,0.407,8,-7.455,1,0.0294,0.823,0.0999,137.143,236460,4
16,In dreams,Lena Park,0.381,0.526,10,-6.938,1,0.0429,0.632,0.311,136.169,337067,4
17,Sweet Dream,Jang Na-ra,0.717,0.603,7,-5.457,1,0.027,0.204,0.749,96.012,236536,4
18,VALENTI,BoA,0.733,0.953,1,-2.579,1,0.088,0.08,0.923,104.03,212960,4
19,ì°ì°,Baby VOX,0.786,0.891,2,-3.902,1,0.0597,0.024,0.722,126.857,238005,4
20,Champion,PSY,0.481,0.89,1,-2.686,1,0.151,0.0524,0.687,180.123,266507,4
21,ì°ë¦° ì ë² ì ì´ì¸ë ¤ì,Sung Si Kyung,0.637,0.847,6,-6.37,0,0.0456,0.432,0.884,173.969,214000,4
22,ì¶êµ­,Harim,0.658,0.459,4,-7.194,0,0.0284,0.387,0.326,121.928,274867,4
23,ë¶ì¡ê³ ë Even I Grab You,Noel,0.683,0.378,8,-6.57,1,0.0403,0.645,0.425,81.004,216533,4
24,ì¬ëí´ë í¤ì´ì§ì ìë¤ë©´...,Shin Seung Hun,0.421,0.322,6,-9.1,0,0.0306,0.877,0.0845,79.314,277629,4
25,Memories,KANGTA,0.423,0.413,2,-7.27,1,0.039,0.511,0.216,144.011,300760,3
26,12ì 32ì¼ December 32 days,BYUL,0.561,0.255,8,-9.311,1,0.0394,0.84,0.175,139.655,263004,4
27,Foolish love,JK Kim Dong Uk,0.663,0.428,0,-8.633,0,0.0263,0.689,0.457,88.017,261467,4
28,ì²ìë¶í°ì§ê¸ê¹ì§ From Beguinning[Kbs Drama Winter Sonata],"S.H Project, O Suk Jun",0.612,0.325,9,-11.533,0,0.0294,0.738,0.223,100.065,268413,4
29,ë§ì§ë§ ì½ì : Originally Performed By í¬ì§ì Karaoke Verison,ì½ì¼,0.505,0.246,2,-14.763,1,0.0326,0.0615,0.0812,135.996,286296,4
0,ê²°í¼ì í ê±°ë¼ë©´,Cool,0.762,0.86,11,-4.58,1,0.0524,0.314,0.96,142.06,220762,4
1,ëì ê²°í¼ì Wedding,SHINHWA,0.816,0.886,10,-2.86,0,0.18,0.0216,0.823,108.045,206733,4
2,íìì í¼íë ë°©ë² How to Run From the Sun (Gtr.Remix),Rain,0.829,0.541,10,-7.602,0,0.0601,0.389,0.41,90.0,231173,4
3,Atlantis Princess,BoA,0.738,0.919,7,-4.126,0,0.0442,0.164,0.866,110.049,224373,4
4,ì ì¡ì´,Lexy,0.887,0.697,7,-3.146,0,0.0323,0.037,0.947,109.019,231493,4
5,Without Your Love,JTL,0.707,0.932,11,-3.372,0,0.0441,0.00988,0.557,134.007,254320,4
6,Music (Alternate Version),"Bada, Various Artists",0.751,0.96,10,-2.969,1,0.0333,0.0448,0.738,120.0,214653,4
7,Come Back To Me,SE7EN,0.768,0.565,10,-6.668,1,0.0273,0.309,0.796,131.987,246333,4
8,ëë¬ì,Loveholic,0.717,0.515,5,-6.38,1,0.0437,0.37,0.672,120.061,185156,4
9,Snowman,Jang Na-ra,0.774,0.664,7,-4.871,1,0.0708,0.222,0.803,90.708,185152,4
10,Break Away,BIG MAMA,0.727,0.721,10,-4.676,0,0.0559,0.207,0.815,84.998,260627,4
11,Soju Hanjan,Lim Changjung,0.349,0.44,11,-6.3,1,0.0316,0.273,0.117,149.795,290960,4
12,ì ë§ ì¬ëíìê¹,BROWN EYED SOUL,0.469,0.507,7,-6.222,1,0.0299,0.517,0.12,66.033,272387,4
13,ë³´ê³ ì¶ë¤,Kim Bum Soo,0.478,0.268,5,-11.44,1,0.0297,0.732,0.162,127.9,243722,4
14,ì°¨ë§...,Sung Si Kyung,0.354,0.37,0,-7.533,1,0.0301,0.817,0.195,139.991,252907,4
15,ê·¸ë¬ëë´,ê¹íì¤,0.601,0.726,8,-4.139,1,0.0345,0.143,0.288,134.025,269833,4
16,Stay,NELL,0.383,0.845,6,-3.732,1,0.0487,0.0214,0.538,179.959,219000,4
17,Loveholic,Loveholic,0.531,0.833,2,-4.259,1,0.0393,0.0433,0.433,136.212,219376,4
18,ê³ ë°±,DELISPICE,0.473,0.644,6,-4.447,1,0.027,0.0588,0.24,79.617,323532,4
19,I Swear (To God),Tyler Childers,0.59,0.572,4,-4.684,1,0.0266,0.843,0.924,89.721,200493,4
20,With Me,Realslow,0.621,0.674,0,-5.775,0,0.0491,0.312,0.641,86.031,210293,4
21,DJ (Feat. PSY For Yamazone),Park Ji Yoon,0.854,0.922,11,-4.723,0,0.224,0.0341,0.844,108.068,202067,4
22,Missing you,FLY TO THE SKY,0.568,0.634,0,-4.818,1,0.0404,0.541,0.299,133.829,272662,4
23,Wedding invitation,Kim Gun Mo,0.603,0.257,7,-9.576,0,0.033,0.803,0.137,113.991,226347,4
24,If You Comeback,Gummy,0.476,0.487,6,-4.519,1,0.0361,0.32,0.123,135.555,288693,4
25,Goodbye,Lee Soo Young,0.688,0.73,4,-6.381,0,0.0282,0.305,0.58,95.038,215432,4
26,í¼ìë¸ : Originally Performed By ì¡°ì±ëª¨ Karaoke Verison,ì½ì¼,0.386,0.326,0,-15.875,1,0.0377,0.0625,0.039,132.021,267890,4
27,ë°ì¤íë¼ë (Desperdo) [In the Style of Position] - Karaoke,Groove Edition,0.654,0.294,10,-11.083,0,0.0387,0.0696,0.159,115.972,267520,4
28,Try to Remember (In the Style of Sung Si Kyung) - Karaoke,Groove Edition,0.577,0.266,7,-9.008,1,0.0283,0.503,0.198,132.007,291344,4
0,Hug,TVXQ!,0.758,0.811,0,-3.881,0,0.0414,0.244,0.74,109.97,229560,4
1,Brand New,SHINHWA,0.679,0.945,8,-2.608,0,0.0712,0.0209,0.8,103.003,227840,4
2,Itâ²s Raining,Rain,0.783,0.875,1,-4.486,1,0.0663,0.0172,0.385,103.953,220760,4
3,Passion,SE7EN,0.743,0.747,5,-5.64,1,0.0374,0.031,0.691,101.01,201067,4
4,My Name,BoA,0.866,0.815,7,-4.727,1,0.073,0.0996,0.813,109.997,193027,4
5,Hot,1TYM,0.884,0.61,7,-5.45,1,0.0881,0.155,0.954,97.995,218333,4
6,ííì ë ,Epik High,0.777,0.921,11,-4.182,0,0.0613,0.0363,0.942,125.03,218600,4
7,Crazy,SHINHWA,0.662,0.553,7,-4.403,0,0.0539,0.389,0.458,92.984,222173,4
8,The Way U Are,TVXQ!,0.817,0.923,8,-3.87,0,0.121,0.0353,0.898,108.03,208133,4
9,ë¶ì¹ë³ (Feat.Masta Wu),"Realslow, MASTA WU",0.673,0.802,8,-5.219,0,0.107,0.385,0.806,94.017,222400,4
10,í ë¦´ë¦¬,Lee Soo Young,0.37,0.778,5,-2.347,0,0.054,0.0399,0.482,180.004,260493,3
11,Last Pray,Jang Na-ra,0.261,0.411,8,-6.13,1,0.0396,0.7,0.16,167.194,278312,4
12,ë¹ì ê³¼ì í¤ì¤ë¥¼ ì¸ì´ë³´ìì,Park Hwayobi,0.482,0.726,9,-4.728,1,0.0382,0.292,0.137,129.828,291213,4
13,Memory Loss,Gummy,0.411,0.574,10,-5.662,0,0.0978,0.384,0.323,199.903,234640,3
14,ì¬ëì´ ë¤ë¥¸ ì¬ëì¼ë¡ ìíì§ë¤,Harim,0.445,0.257,4,-10.77,1,0.0305,0.444,0.437,180.732,289000,4
15,ë´ê° ë¹ì ì ì¬ëíë ì´ì ,WAX,0.651,0.313,11,-8.358,1,0.0315,0.694,0.19,149.975,242227,3
16,ê´íë¬¸ ì°ê°,Lee Soo Young,0.243,0.226,0,-10.296,0,0.0315,0.925,0.168,178.921,267259,4
17,í´ë°ë¼ê¸° (ê·¸ëìê²...),ë°ìë¯¼ Park Sang Min,0.469,0.458,0,-8.147,1,0.0301,0.52,0.258,135.681,251665,4
18,íë°±ì¬ì§,KCM,0.473,0.585,6,-5.781,1,0.0315,0.686,0.251,127.751,234840,4
19,ì ì£¼ëì í¸ë¥¸ ë°¤,Sung Si Kyung,0.755,0.43,5,-14.347,1,0.034,0.756,0.575,105.984,236002,4
20,Sweety,Clazziquai,0.741,0.71,5,-7.621,0,0.032,0.251,0.908,109.99,229564,4
21,Song of Ha Ha Ha,JAURIM,0.614,0.796,7,-5.881,1,0.0604,0.0367,0.631,152.025,194707,4
22,ë¬¼ì´ë³¸ë¤ I Ask,LEE SEUNG HWAN,0.659,0.731,5,-6.15,0,0.0423,0.0697,0.648,99.993,273253,4
23,ìê°ì ë¯¿ì´ì Believe in the moment,Sister's Barbershop,0.567,0.843,7,-3.851,1,0.0283,0.0773,0.736,111.013,253440,4
24,Nocturne,Kim Yun A,0.449,0.274,5,-10.464,0,0.0305,0.929,0.238,105.736,253653,4
25,Gentle Rain,Clazziquai,0.504,0.684,0,-9.771,1,0.0386,0.239,0.655,84.903,233326,4
26,"ì¹êµ¬ì¬ (ëìë¤ê³  ì í´ë¼ ë°±ì¸ì¸ì, ìì íì¸ ë¡í)","Youngji, ê¹ê¸°ë¦¬",0.58,0.855,7,-4.236,1,0.136,0.416,0.537,125.14,262220,4
27,180Ë : Originally Performed By MCëª½ Karaoke Verison,ì½ì¼,0.834,0.64,7,-16.134,1,0.0378,0.282,0.979,99.984,238472,4
28,ì¬ëì í¥ê¸°ë¥¼ ë¨ê¸°ê³ ,Various Artists,0.651,0.626,5,-4.466,0,0.0307,0.405,0.353,128.985,258026,4
0,Girls On Top,BoA,0.741,0.933,1,-1.709,1,0.0439,0.00909,0.757,109.995,218653,4
1,Phone Number,JINUSEAN,0.699,0.792,2,-4.569,1,0.1,0.0515,0.942,176.108,212307,4
2,Rising Sun,TVXQ!,0.614,0.953,2,-1.921,0,0.0517,0.00783,0.669,124.968,282067,4
3,Fly (feat. Amin. J),"Epik High, Amin. J",0.707,0.96,11,-2.579,0,0.0546,0.0613,0.915,128.037,201227,4
4,ì§ì§ ìë íì,Woo Hyuk Jang,0.84,0.961,11,-1.243,0,0.053,0.0298,0.586,105.005,215171,4
5,Good-bye Luv,Realslow,0.624,0.82,7,-3.583,1,0.0678,0.258,0.379,89.017,198893,4
6,ë´ê° ìëê² ìëì¼,"Leessang, ALI",0.68,0.76,0,-4.149,0,0.0571,0.338,0.826,84.293,252587,4
7,ë³´íµë  An Ordinary,god,0.779,0.496,1,-6.942,0,0.119,0.22,0.362,127.985,212547,4
8,ê·ë¡,Naul,0.521,0.558,7,-6.309,0,0.0315,0.467,0.0584,107.94,266507,3
9,ì´ë¤ê°,SG Wannabe,0.41,0.435,3,-5.76,0,0.0349,0.571,0.17,129.368,283787,4
10,Mr. Flower,Jo Sung Mo,0.364,0.45,3,-8.107,1,0.0362,0.722,0.187,127.558,285387,4
11,ëì ê½,Park Hyo Shin,0.424,0.368,7,-7.508,1,0.0284,0.714,0.236,71.943,339837,4
12,Ga Sm A PA Do,Hwanhee,0.386,0.405,0,-7.076,1,0.0296,0.443,0.236,67.113,268200,4
13,íí¬,PSY,0.834,0.847,10,-2.287,0,0.0694,0.105,0.927,120.025,204440,4
14,ê·¸ëìê²,Un,0.432,0.626,5,-4.058,1,0.0283,0.513,0.354,159.99,242848,4
15,"I Love U, Oh Thank U - Ivy Mix Version","MC MONG, Kim Tae Woo",0.694,0.839,1,-4.628,1,0.0812,0.0709,0.582,89.996,179566,4
16,Bye Bye Bye,Monday Kiz,0.556,0.738,11,-4.349,0,0.0439,0.295,0.573,94.941,210704,4
17,ì¬ëê³¼ ì°ì ì¬ì´,SG Wannabe,0.515,0.498,8,-7.613,1,0.0443,0.783,0.258,69.771,237035,4
18,ì²´ë å¾(í),BIG MAMA,0.617,0.614,8,-4.051,1,0.0333,0.213,0.247,135.798,250640,4
19,When flowering spring comes,BMK,0.58,0.55,8,-5.035,1,0.0284,0.609,0.352,127.917,284107,4
20,Smile Again,KCM,0.659,0.676,10,-4.139,1,0.0272,0.515,0.326,110.019,208145,4
21,ëìê²ë¡ ëë¤ì,Seo Young Eun,0.395,0.546,6,-5.657,0,0.0318,0.378,0.206,71.78,259030,4
22,This way,Flower,0.405,0.557,1,-5.149,1,0.0284,0.522,0.253,143.951,263758,4
23,ì ì§ë´ëì,Sung Si Kyung,0.435,0.31,0,-8.311,1,0.0334,0.687,0.197,140.163,281600,4
24,í¼ìë§ íë ì¬ë,Gummy,0.387,0.665,9,-4.84,1,0.102,0.225,0.203,65.356,265013,4
25,ìë¶ (Duet. ëì¤ê¶),BYUL,0.627,0.425,5,-6.581,1,0.0367,0.607,0.141,129.916,239933,4
26,ì²íë¬´ì  : Originally Performed By MCëª½ Karaoke Verison,ì½ì¼,0.755,0.247,9,-14.786,0,0.0306,0.293,0.787,98.991,219417,4
27,ì¬ëì íëë¤,ê°ìì°í©,0.559,0.488,9,-7.699,1,0.0283,0.415,0.154,130.074,270707,4
28,Same Thought - Live Version,Shin Hye Sung,0.468,0.389,2,-8.377,1,0.0336,0.842,0.162,133.82,299773,4
0,Iâ²m Coming (Feat. Tablo),Rain,0.855,0.588,6,-8.443,1,0.052,0.012,0.439,125.486,223893,4
1,O -æ­£.å.å.,TVXQ!,0.741,0.815,0,-2.259,1,0.0566,0.0142,0.742,115.039,255587,4
2,U,SUPER JUNIOR,0.791,0.871,6,-3.769,0,0.132,0.169,0.805,115.025,226747,4
3,I Know (Feat. Teddy),"SE7EN, TEDDY",0.779,0.815,7,-4.488,1,0.0677,0.00325,0.744,114.966,205467,4
4,Once In A Lifetime,SHINHWA,0.49,0.674,1,-4.564,1,0.0463,0.33,0.26,74.904,287933,4
5,The man and the woman,VIBE,0.529,0.32,8,-8.552,0,0.0358,0.323,0.151,127.661,272875,4
6,ë  ìí ì´ë³,Lyn,0.331,0.396,1,-8.525,1,0.0402,0.32,0.167,129.705,278401,4
7,ì°,BIG MAMA,0.488,0.618,11,-7.587,0,0.0427,0.385,0.335,131.663,295133,4
8,Partner for Life,SG Wannabe,0.559,0.828,2,-3.831,1,0.0367,0.0588,0.45,110.025,298237,4
9,íìì ëë¬¼,KCM,0.641,0.377,6,-15.733,1,0.0356,0.451,0.421,110.96,253320,4
10,Goodbye day,Eve,0.335,0.352,1,-7.896,1,0.0341,0.376,0.348,70.673,351547,3
11,ìë ê±°ì¼,Seo Young Eun,0.709,0.556,8,-5.013,1,0.0328,0.656,0.449,120.155,244114,4
12,ê±°ë¦¬ìì,Sung Si Kyung,0.581,0.482,7,-7.765,1,0.0294,0.645,0.307,131.82,279267,4
13,ì ë¶ ëìë¤ Everything was You,Noel,0.531,0.438,3,-6.565,1,0.0324,0.475,0.152,131.88,260333,4
14,If You Comeback,Gummy,0.476,0.487,6,-4.519,1,0.0361,0.32,0.123,135.555,288693,4
15,Perhaps Love,"HoWL, J",0.464,0.702,8,-7.328,1,0.0558,0.397,0.437,165.491,275342,4
16,ì¢ì ì¢ì,Seo Young Eun,0.754,0.748,7,-4.38,1,0.0296,0.708,0.524,106.903,193228,4
17,La La La,SE7EN,0.793,0.478,8,-5.956,1,0.0386,0.0327,0.82,129.983,271867,4
18,ë©´ë,V-One,0.568,0.654,0,-5.449,1,0.0334,0.163,0.383,139.869,245133,4
19,"ì¬ëì ê°ì§ë§ / My Love, Don't Leave",Lim Jung Hee,0.4,0.723,9,-5.242,0,0.0826,0.25,0.349,81.376,204130,4
20,ë¤ë¦¬ëì,ì ì¬ì±,0.603,0.764,9,-5.872,0,0.0502,0.196,0.528,114.897,239830,4
21,ë§ì£¼ì¹ì§ ë§ì,Jang Hye Jin,0.539,0.664,1,-5.923,0,0.061,0.502,0.114,114.963,236400,4
22,ì¬ë ë¨¼ì§,Bubble Sisters,0.35,0.41,1,-6.381,0,0.0282,0.563,0.161,133.223,251742,4
23,ë¨ìëµê²,Fly to the Sky,0.375,0.623,5,-4.984,0,0.0371,0.455,0.225,58.355,230973,4
24,ì¬ì¸ì í¥ê¸°,Various Artists,0.646,0.581,5,-4.913,0,0.0275,0.474,0.371,110.945,220279,4
25,ê·¸ë¦¬ìì ì¸ì¹ë¤,ë°ë¼ëê°ìë¤,0.571,0.54,0,-11.155,1,0.0319,0.156,0.369,70.999,245238,4
26,ì´ë° ì´ë°ì,ê°ìì°ë§¹,0.654,0.824,2,-4.664,0,0.0694,0.134,0.48,135.0,206393,4
27,ì² ìì¼ ì¬ëí´,ì´ì í,0.932,0.798,2,-0.514,1,0.0442,0.0151,0.963,135.007,195480,4
28,Maybe I Love You,"Girl Friends, ë¹í¤",0.654,0.821,5,-3.977,0,0.0297,0.194,0.844,95.964,216140,4
29,ì¬ëì´ ì¤ì§ ììì (Love Doesn't Come) [In the Style of Jun Jin] - Karaoke,Groove Edition,0.592,0.409,9,-8.689,1,0.0282,0.804,0.175,130.009,262975,4
0,ì¬ëì ì¸ì¬,ë°ë¼ëê°ìë¤,0.512,0.659,8,-5.381,1,0.0406,0.467,0.173,100.994,270106,4
1,Tell me (Sampling From `Two Of Hearts`),Wonder Girls,0.792,0.924,6,-6.866,0,0.0327,0.104,0.968,127.003,217000,4
2,Into the New World,Girls' Generation,0.708,0.892,4,-1.964,0,0.0349,0.0706,0.623,108.031,265760,4
3,Lies,BIGBANG,0.781,0.849,6,-5.644,1,0.0568,0.159,0.665,124.986,229120,4
4,Maria,Kim Ah Joong,0.637,0.733,11,-3.748,1,0.0357,0.00226,0.657,80.056,187687,4
5,arirang,SG Wannabe,0.609,0.717,1,-5.539,1,0.04,0.271,0.442,105.02,290480,3
6,ì¬ë..ê·¸ê² ë­ë°,Yangpa,0.448,0.527,1,-4.718,1,0.0325,0.768,0.294,135.603,238393,4
7,ë°°ë°,BIG MAMA,0.503,0.553,6,-6.089,0,0.0375,0.599,0.131,135.739,205740,4
8,The House You Live,J.Y. Park,0.787,0.587,1,-5.593,0,0.0368,0.127,0.844,93.987,227387,4
9,Ballerino,Leessang,0.685,0.779,7,-4.467,0,0.0536,0.217,0.717,95.026,267320,4
10,Fan,Epik High,0.627,0.845,11,-3.397,0,0.104,0.0596,0.78,166.013,224480,4
11,ë ë! Don't Don,SUPER JUNIOR,0.689,0.928,2,-1.273,1,0.0774,0.00464,0.65,105.084,252027,4
12,Dirty Cash,BIGBANG,0.856,0.924,11,-2.375,0,0.119,0.0701,0.948,129.917,194280,4
13,Into the New World,Girls' Generation,0.699,0.908,7,-2.108,1,0.0334,0.0531,0.6,108.023,267320,4
14,ì¬ëì ë§ìë¤,Realslow,0.85,0.822,7,-4.668,1,0.0988,0.106,0.767,111.998,233091,4
15,ë¹ë°ë²í¸ 486,Younha,0.622,0.882,9,-2.886,1,0.105,0.0867,0.726,136.926,228153,4
16,Will You Come to Me Again?,Rumble Fish,0.663,0.621,10,-8.087,1,0.0421,0.475,0.261,114.057,215347,4
17,ê°ê±°ë¼ ì¬ëì,Seo Moon Tak,0.472,0.63,8,-4.616,0,0.0275,0.00133,0.42,75.019,274893,4
18,ì´ë´ê±°ë©´,IVY,0.46,0.514,7,-5.45,1,0.0373,0.712,0.232,135.183,233430,4
19,ë¨ìì¼,Monday Kiz,0.388,0.611,10,-5.111,0,0.0357,0.59,0.182,133.995,248816,4
20,A Goose's Dream (MR),Insooni,0.607,0.311,4,-11.876,1,0.0283,0.194,0.171,136.01,343612,4
21,ë¬¼ë¤ì´,BMK,0.352,0.383,2,-7.601,1,0.0356,0.718,0.0818,132.392,253936,4
22,ë°ë³´ì²ë¼,Bubble Sisters,0.502,0.451,7,-6.784,1,0.0283,0.625,0.194,125.802,251181,4
23,ë¹íìë : Originally Performed By ë§ê³¨í¼ Karaoke Verison,ì½ì¼,0.598,0.433,4,-16.759,1,0.0311,0.199,0.404,125.01,268083,4
24,íµì¦,ë°ë¼ëê°ìë¤,0.612,0.734,10,-6.197,0,0.0855,0.495,0.383,95.896,229094,4
25,ë´ì´ì¬ ì¤ë¼ : Originally Performed By MC ì¤ëì´í¼ Karaoke Verison,ì½ì¼,0.451,0.393,1,-17.205,1,0.0303,0.00984,0.717,83.991,225466,4
26,ë¨ê±°ì´ ìë,Various Artists,0.631,0.71,3,-6.359,0,0.03,0.0347,0.529,126.925,284305,4
27,ê°ì ë² ê°,ê°ìì°í©,0.378,0.554,2,-5.318,1,0.0334,0.372,0.151,163.896,263497,4
0,Haru Haru,BIGBANG,0.687,0.914,6,-5.02,1,0.0437,0.166,0.675,126.001,256360,4
1,MIROTIC,TVXQ!,0.722,0.784,1,-2.411,0,0.0408,0.049,0.705,99.985,208467,4
2,So Hot,Wonder Girls,0.879,0.695,1,-5.87,0,0.0521,0.0192,0.963,139.985,181328,4
3,Pretty Girl,KARA,0.735,0.93,5,-2.816,1,0.0743,0.00945,0.661,133.957,209920,4
4,Last Farewell,BIGBANG,0.703,0.934,6,-2.92,0,0.167,0.0462,0.821,135.02,231800,4
5,Farewell Under the Sun,"J.Y. Park, SunYe",0.522,0.585,7,-6.379,1,0.0397,0.738,0.0957,139.571,271907,4
6,Kissing You,Girls' Generation,0.75,0.817,8,-2.541,1,0.0361,0.639,0.762,117.991,199240,4
7,Replay,SHINee,0.724,0.792,1,-2.219,1,0.084,0.149,0.58,100.009,216453,4
8,One (feat. ì§ì ),"Epik High, ì§ì ",0.742,0.783,1,-4.294,1,0.0368,0.0765,0.594,135.02,230320,4
9,Only Look At Me,TAEYANG,0.704,0.681,2,-5.199,1,0.0333,0.258,0.888,140.07,240920,4
10,Flowerpot,Alex,0.559,0.399,11,-9.215,1,0.0252,0.0488,0.229,140.002,261799,4
11,ë¤ë¦¬ëìâ¦,TAEYEON,0.428,0.464,10,-6.431,1,0.033,0.797,0.163,133.459,242227,4
12,D.I.S.C.O (Feat. T.O.P),"Uhm Jung Hwa, T.O.P.",0.823,0.879,4,-4.058,0,0.0511,0.17,0.947,122.95,205160,4
13,Nobody,Wonder Girls,0.882,0.786,3,-7.383,0,0.075,0.102,0.95,130.978,212533,4
14,Sunset Glow,BIGBANG,0.756,0.87,8,-2.27,1,0.0543,0.0896,0.618,124.983,204920,4
15,ê°ì´ì¼ë¡ ì¸ì³,"Monday Kiz, Rhymer",0.528,0.849,11,-2.759,0,0.0379,0.388,0.683,90.064,218867,4
16,1ë¶ 1ì´ (feat. íë£¨),"Epik High, Taru",0.713,0.802,4,-6.162,0,0.151,0.282,0.34,77.481,268133,4
17,ì¬í ë¤ì§,DAVICHI,0.685,0.723,7,-4.724,0,0.0604,0.269,0.843,119.932,215467,4
18,I'm Sorry (Feat. T.O.P),"Gummy, T.O.P.",0.751,0.675,5,-8.33,1,0.0482,0.0407,0.685,125.029,236560,4
19,ì¬ëê³¼ ì ì íí Narration,DAVICHI,0.65,0.857,1,-5.382,0,0.0573,0.0629,0.837,131.953,259373,4
20,There is no regret,Noblesse,0.643,0.867,7,-5.973,1,0.354,0.128,0.474,170.212,260078,4
21,ì´ë¸ë,2AM,0.679,0.333,8,-9.372,1,0.0415,0.814,0.141,133.747,244520,4
22,U Go Girl,Various Artists,0.815,0.78,1,-6.9,1,0.0906,0.0885,0.891,100.981,188723,4
23,Time Walking on Memories,NELL,0.399,0.331,10,-9.221,1,0.0478,0.858,0.193,171.208,389853,4
24,ê°ì§ë§ ê°ì§ë§ (ìë? ë ê±´ì´ë¼ê³ í´~ ëìë¦¬ ê±´),ìë? ë ê±´ì´ë¼ê³ í´~ ëìë¦¬ ê±´,0.219,0.513,0,-5.697,1,0.0306,0.697,0.155,62.395,296713,4
25,Hey Mr. Big : Originally Performed By ì´í¨ë¦¬ Karaoke Verison,ì½ì¼,0.606,0.667,1,-14.696,0,0.0327,0.391,0.712,142.061,191344,4
26,ì¬íë°ê±¸ì (êµ¬ë2) [Sad Steps] [In the Style of Seeya] - Karaoke,Groove Edition,0.491,0.342,11,-6.961,0,0.0297,0.272,0.0607,140.014,275383,4
27,ë¼ë¼ë¼,ë°ë¼ëê°ìë¤,0.347,0.835,0,-3.821,1,0.0894,0.144,0.53,198.071,274625,4
28,ë³´ê³ ì¶ì ë ì,Various Artists,0.754,0.615,11,-7.686,0,0.047,0.494,0.45,113.029,207557,4
0,Gee,Girls' Generation,0.749,0.923,1,-1.014,0,0.0277,0.292,0.727,99.975,202200,4
1,Heartbreaker,G-DRAGON,0.775,0.792,0,-3.746,0,0.0613,0.0995,0.45,134.959,202547,4
2,Ring Ding Dong,SHINee,0.835,0.934,1,-1.258,1,0.0431,0.125,0.811,124.98,233280,4
3,Fire,2NE1,0.866,0.738,11,-3.493,0,0.0814,0.00615,0.683,126.013,222840,4
4,Sunset Glow,BIGBANG,0.756,0.87,8,-2.27,1,0.0543,0.0896,0.618,124.983,204920,4
5,Abracadabra,Brown Eyed Girls,0.803,0.973,5,-2.343,1,0.0953,0.0224,0.794,128.022,182308,4
6,"ìë¦¬ ìë¦¬ Sorry, Sorry",SUPER JUNIOR,0.706,0.972,11,-2.359,0,0.0352,0.0226,0.962,129.946,232333,4
7,Heartbeat-Japanese ver.-,2PM,0.733,0.809,1,-5.765,1,0.214,0.0219,0.558,134.94,193560,4
8,"í¤ì´ì§ì§ ëª»íë ì¬ì, ë ëê°ì§ ëª»íë ë¨ì Can't Breakup Girl, Can't Breakaway Boy (feat. ì ì¸ Jung In)","Leessang, Jung In",0.523,0.841,10,-2.505,0,0.331,0.15,0.383,173.903,284627,4
9,True Romance (Feat. T),Drunken Tiger,0.716,0.831,9,-5.349,0,0.254,0.312,0.767,104.921,205845,4
10,Guilty,Dynamicduo,0.755,0.665,1,-5.643,1,0.335,0.133,0.961,90.041,224893,4
11,ë´ ë¨¸ë¦¬ê° ëë¹ ì,SS501,0.743,0.66,11,-5.223,0,0.0341,0.251,0.572,112.967,263040,4
12,After Love,Park Hyo Shin,0.329,0.597,2,-4.781,1,0.0378,0.707,0.25,145.466,230200,5
13,ì¹êµ¬ì ê³ ë°±,2AM,0.672,0.396,7,-8.521,1,0.0329,0.31,0.301,88.001,256158,4
14,Rain and You,Rumble Fish,0.562,0.315,0,-7.929,1,0.0304,0.855,0.131,70.978,247973,4
15,I miss your love so much,Zia,0.408,0.754,9,-4.487,1,0.0796,0.524,0.484,190.07,240380,4
16,Nothing Better,BROWN EYED SOUL,0.547,0.106,10,-14.856,1,0.0387,0.969,0.288,95.572,263533,4
17,Not Even A Call,Wax,0.569,0.726,11,-4.021,1,0.0452,0.439,0.527,90.065,231067,4
18,êµ¬ì,Fly to the Sky,0.331,0.742,7,-3.246,1,0.0638,0.472,0.204,181.809,246427,3
19,2008 One Two - ëª»ë ì¬ì,One Two,0.594,0.51,9,-5.914,1,0.0588,0.111,0.686,208.064,221051,4
20,8282,DAVICHI,0.561,0.675,2,-5.6,1,0.0783,0.0806,0.277,143.037,219160,3
21,LA chA TA,f(x),0.828,0.898,0,-2.429,1,0.042,0.0633,0.914,113.948,194040,4
22,Bo Peep Bo Peep,T-ARA,0.824,0.95,5,-4.163,0,0.0308,0.00974,0.97,128.031,225040,4
23,Mr.,KARA,0.781,0.991,4,-1.502,0,0.069,0.0589,0.805,126.063,193613,4
24,Am I too easy?,U-KISS,0.758,0.893,7,-3.914,1,0.0511,0.0298,0.657,126.02,211517,4
25,Love.. All it was lie - 2014 live Version,Lyn,0.751,0.257,5,-14.677,0,0.0903,0.936,0.215,117.966,271344,4
26,ì¬ëí´ : Originally Performed By SGìëë¹ Karaoke Verison,ì½ì¼,0.451,0.518,2,-12.92,1,0.0325,0.0206,0.581,94.987,225210,4
27,ë§ìì¼ë¡ íë ë§ : Originally Performed By íë¦¬ì¤íì¼ Karaoke Verison,ì½ì¼,0.541,0.374,11,-13.359,1,0.0631,0.736,0.559,200.022,254408,4
28,ë¶ë¥¸ë¤ (Calling You) [In the Style of Seo In Guk] - Karaoke,Groove Edition,0.823,0.569,1,-7.338,1,0.0748,0.186,0.612,84.006,202919,4
0,I Need a Girl,"TAEYANG, G-DRAGON",0.706,0.553,11,-6.748,1,0.0531,0.44,0.512,115.044,220133,4
1,Hurricane Venus,BoA,0.734,0.828,9,-1.692,0,0.0885,0.0399,0.694,112.02,190400,4
2,Go Away,2NE1,0.73,0.797,11,-2.135,1,0.0394,0.0536,0.575,127.985,219453,4
3,LUCIFER,SHINee,0.75,0.914,11,-1.819,0,0.0518,0.0323,0.866,125.034,233987,4
4,Right Now,PSY,0.71,0.835,10,-2.502,0,0.0366,0.0022,0.483,124.996,203827,4
5,ë¯¸ì¸ì Bonamana,SUPER JUNIOR,0.79,0.911,11,-1.756,0,0.074,0.000444,0.876,125.012,239187,4
6,NU ABO,f(x),0.703,0.773,10,-3.529,0,0.0629,0.0186,0.392,95.007,224333,4
7,ë ëë¬¸ì ë¯¸ì³,T-ARA,0.709,0.639,10,-7.063,0,0.0399,0.00244,0.439,135.013,194587,4
8,2 Different Tears,Wonder Girls,0.796,0.697,8,-6.363,0,0.0402,0.0969,0.745,124.025,204080,4
9,Bad Girl Good Girl,miss A,0.793,0.805,10,-4.224,1,0.0438,0.1,0.507,135.987,217560,4
10,ìê°ì ë©ì¶°ë¼,DAVICHI,0.384,0.921,10,-3.015,1,0.118,0.0377,0.307,142.643,204827,4
11,ì£½ì´ë ëª» ë³´ë´,2AM,0.567,0.776,2,-3.102,1,0.0323,0.21,0.54,136.831,195906,4
12,Run,Epik High,0.605,0.928,9,-5.056,1,0.0717,0.0699,0.563,79.983,210387,4
13,Propose ê³ ë°±,Hot Potato,0.705,0.55,9,-5.259,1,0.0288,0.334,0.34,115.988,233613,4
14,Love U,Seo In Guk,0.725,0.815,11,-4.146,0,0.0352,0.105,0.618,147.983,198680,4
15,Oh!,Girls' Generation,0.759,0.966,2,-2.207,0,0.0416,0.0218,0.44,143.987,188533,4
16,Magic,Secret,0.777,0.895,1,-3.915,1,0.0439,0.0112,0.61,107.031,203599,4
17,Better Together,SE7EN,0.782,0.813,8,-3.788,1,0.0384,0.00971,0.789,119.999,218120,4
18,Y,MBLAQ,0.955,0.793,10,-4.828,0,0.142,0.0298,0.875,122.952,208523,4
19,ì§ì§ì¼ ë¦¬ ìì´ It Canât Be Real,Lim Jung Hee,0.577,0.841,1,-3.23,1,0.218,0.564,0.304,143.758,193240,4
20,I'll Be Back,2PM,0.802,0.903,5,-5.071,0,0.0508,0.00793,0.664,130.003,214479,4
21,Love You Forever,Gummy,0.422,0.524,10,-8.244,1,0.0409,0.675,0.205,135.81,259587,4
22,The woman,Baek Ji Young,0.611,0.446,6,-6.753,1,0.0407,0.776,0.184,139.846,273996,4
23,If It's the Same,BROWN EYED SOUL,0.657,0.48,8,-6.486,1,0.0467,0.575,0.495,77.006,263760,4
24,ë³¸ë¥ì ì¼ë¡,Yoon Jong Shin,0.65,0.866,10,-4.197,0,0.0421,0.592,0.585,99.985,191293,4
25,ê²°í¼ê¹ì§ ìê°íì´,Various Artists,0.624,0.725,5,-6.808,1,0.0299,0.28,0.461,93.023,212520,4
26,ì£½ì ë§í¼ ìíì : Originally Performed By MCëª½ Karaoke Verison,ì½ì¼,0.543,0.609,7,-14.156,0,0.0286,0.509,0.313,120.014,265826,4
27,ì¸ì ë,ë°ë¼ëì±ì´,0.353,0.775,11,-3.292,1,0.0367,0.101,0.456,157.259,230087,4
28,Chitty Chitty Bang Bang,Various Artists,0.688,0.885,6,-7.73,1,0.272,0.0158,0.676,176.149,203456,4
0,Keep Your Head Down,TVXQ!,0.672,0.967,5,-2.239,0,0.321,0.0807,0.563,154.116,240880,4
1,Roly-Poly,T-ARA,0.832,0.848,7,-7.407,1,0.0545,0.0919,0.901,130.004,214427,4
2,Hands Up,2PM,0.818,0.823,3,-5.88,0,0.0398,0.00118,0.626,124.975,198199,4
3,Be Mine,INFINITE,0.688,0.926,10,-3.027,0,0.0607,0.00194,0.756,129.985,206653,4
4,Tonight,BIGBANG,0.669,0.855,3,-4.46,0,0.0445,0.00999,0.25,129.909,222413,4
5,Mr. Simple,SUPER JUNIOR,0.913,0.745,1,-2.837,1,0.0506,0.000219,0.795,127.996,241827,4
6,High High,GD&TOP,0.7,0.864,5,-4.505,1,0.0645,0.00734,0.561,129.999,186175,4
7,Hot Summer,f(x),0.769,0.966,2,-1.484,1,0.0292,0.00431,0.783,123.019,225787,4
8,Good-bye Baby,miss A,0.77,0.817,8,-4.088,0,0.0431,0.0485,0.729,138.054,225574,4
9,Crazy,"Song Ji Eun, BANG YONGGUK",0.542,0.712,6,-4.653,1,0.114,0.305,0.235,169.852,230728,4
10,ì ë°,Kim Bum Soo,0.451,0.317,0,-7.328,0,0.0394,0.593,0.153,122.402,281875,4
11,Lonely,2NE1,0.588,0.568,4,-2.787,1,0.0271,0.225,0.393,94.83,209987,4
12,Be My Baby,Wonder Girls,0.62,0.829,1,-5.511,1,0.069,0.105,0.431,165.027,211812,4
13,ë°ì§ë°ì§,Girl's Day,0.708,0.885,8,-2.39,1,0.0523,0.0422,0.44,149.98,186000,4
14,Shy Boy,Secret,0.659,0.817,0,-3.447,1,0.218,0.106,0.858,174.003,218084,4
15,The Boys,Girls' Generation,0.876,0.937,1,-0.593,0,0.093,0.162,0.902,114.982,226907,4
16,Sixth Sense,Brown Eyed Girls,0.673,0.933,5,-1.414,0,0.169,0.0279,0.662,127.905,227866,4
17,ì¢ìë³´ì¬ (feat. ê²ì ì¹ë§),"Verbal Jint, The Black Skirts",0.782,0.878,10,-3.506,0,0.25,0.233,0.641,87.998,208253,4
18,In Heaven - Narration ê¹ì ì Version,JYJ,0.506,0.572,3,-6.871,0,0.0433,0.295,0.297,75.921,288589,4
19,ê·¸ ë¨ì ê·¸ ì¬ì,"4MEN, MIIII",0.451,0.503,4,-5.446,0,0.0443,0.731,0.155,132.566,251387,4
20,The Love,Lim Jae Bum,0.431,0.412,1,-6.406,1,0.0284,0.662,0.189,129.584,276747,4
21,Even Now,Sung Si Kyung,0.398,0.465,6,-5.9,1,0.0307,0.818,0.212,134.036,232060,4
22,ì´ì   ê·¸ë¬ì¼ë©´ ì¢ê² ë¤,Lena Park,0.39,0.314,8,-8.157,1,0.0328,0.823,0.278,126.75,302329,4
23,Someday - Piano Arrangement,Shin Giwon Piano,0.806,0.35,9,-17.327,1,0.0465,0.99,0.625,100.018,252900,4
24,ìëì´ë¼ê³  ë§íì§ë§,DAVICHI,0.684,0.712,10,-2.963,1,0.0291,0.413,0.49,113.98,231800,4
25,ê°ì´ ìë¦° ì´ì¼ê¸° : Originally Performed By íì± Karaoke Verison,ì½ì¼,0.442,0.632,9,-13.852,1,0.0298,0.464,0.555,102.005,203240,4
26,ììª½ íë,Lee Seung Chul,0.41,0.463,7,-6.913,0,0.0292,0.607,0.116,109.975,243933,4
27,You are the best of my life(47294),KY Noraebang,0.541,0.888,5,-6.139,1,0.0296,0.0875,0.662,145.95,191565,4
28,ë°©ì½ìí° : Originally Performed By ì¤ë ì§ìº¬ë¼ë© Karaoke Verison,ì½ì¼,0.616,0.573,4,-15.002,0,0.029,0.292,0.794,131.987,172733,4
0,Gangnam Style (ê°ë¨ì¤íì¼),PSY,0.727,0.937,11,-2.871,0,0.286,0.00417,0.749,132.067,219493,4
1,Fantastic Baby,BIGBANG,0.725,0.841,2,-3.924,1,0.0545,0.002,0.582,130.013,230573,4
2,Like this,Wonder Girls,0.702,0.864,1,-4.24,1,0.309,0.0106,0.734,194.083,192738,4
3,Crayon,G-DRAGON,0.718,0.934,11,-3.787,0,0.169,0.046,0.308,132.017,196920,4
4,Sherlock (Clue + Note),SHINee,0.64,0.937,1,-2.112,1,0.0839,0.0069,0.316,107.013,239187,4
5,History,EXO-K,0.753,0.808,1,-3.264,1,0.0812,0.000252,0.603,110.856,209801,4
6,Electric Shock,f(x),0.757,0.898,5,-1.632,0,0.0327,0.0927,0.537,125.029,196947,4
7,Catch Me,TVXQ!,0.691,0.864,6,-1.53,0,0.0786,0.00555,0.487,127.98,278616,4
8,"Sexy, Free & Single",SUPER JUNIOR,0.75,0.919,1,-3.323,1,0.0327,0.000984,0.718,114.944,223882,4
9,Venus,SHINHWA,0.712,0.881,6,-5.362,1,0.036,0.0784,0.821,125.989,217171,4
10,She`s Gone,December,0.644,0.852,1,-3.188,0,0.0339,0.0236,0.795,100.005,233222,4
11,I LOVE YOU,2NE1,0.711,0.837,0,-4.277,0,0.038,0.0242,0.563,125.074,237138,4
12,"1, 2, 3, 4",LeeHi,0.905,0.649,5,-4.116,1,0.0473,0.368,0.955,115.962,214274,4
13,ì¶¥ë¤ Itâs Cold,"Epik High, LeeHi",0.759,0.659,6,-5.695,1,0.0408,0.514,0.422,111.989,250807,4
14,Back In Time - Instrumental,"Lyn, Jeon Hayeoung",0.433,0.341,11,-10.077,0,0.0271,0.155,0.0426,73.048,206600,4
15,Memory Of The Wind,Naul,0.279,0.43,8,-7.412,1,0.0308,0.633,0.147,133.443,308187,4
16,ëë ëì²ë¼ I Wonder If You Hurt Like Me,2AM,0.59,0.48,6,-6.599,1,0.0305,0.76,0.14,127.919,228454,4
17,When I Can't Sing (ë´ê° ë¸ëë¥¼ ëª»í´ë),SE7EN,0.664,0.599,0,-6.238,1,0.0282,0.486,0.704,143.924,235427,4
18,Only One,BoA,0.641,0.645,0,-6.54,1,0.0366,0.136,0.546,90.027,217085,4
19,ëë¿ì´ì¼ You're the One,J.Y. Park,0.755,0.724,11,-4.13,0,0.0425,0.0361,0.692,97.01,202249,4
20,áá®á¼áá®á«ááµ áá¨áá¥ You Deserve Better (Beautiful Enough),"Verbal Jint, Sanchez",0.586,0.69,8,-5.106,0,0.261,0.277,0.625,79.551,225880,4
21,Without You,Dynamicduo,0.647,0.632,1,-6.446,0,0.203,0.344,0.734,84.717,239794,4
22,question mark,"Primary, CHOIZA, Zion.T",0.702,0.733,3,-3.527,0,0.12,0.216,0.926,96.02,194116,4
23,Cherry Blossom Ending,Busker Busker,0.621,0.669,9,-5.303,1,0.0312,0.739,0.663,119.947,260518,4
24,All For You,"Seo In Guk, JEONG EUN JI",0.477,0.756,2,-3.986,1,0.0615,0.38,0.43,207.792,248190,4
25,ë¨ì ìì´ ì ì´ì,miss A,0.753,0.757,0,-4.004,1,0.0366,0.0202,0.893,155.993,210705,4
26,Twinkle,Girls' Generation-TTS,0.809,0.883,1,-2.1,0,0.0498,0.239,0.962,110.034,206732,4
27,WARRIOR,B.A.P,0.688,0.957,8,-1.184,1,0.0831,0.0297,0.305,105.015,206904,4
28,Lovey-Dovey,T-ARA,0.796,0.742,6,-4.117,0,0.0631,0.0704,0.545,128.063,215249,4
29,ìë¦ë¤ì´ ë°¤ (Beautiful Night) [Originally Performed By Ulala Session] - Karaoke,Groove Edition,0.418,0.929,1,-6.386,1,0.0371,0.000367,0.22,173.917,223399,4
0,Growl,EXO,0.681,0.814,11,-2.83,0,0.0603,0.145,0.876,89.993,207053,4
1,What's your name?,4Minute,0.738,0.889,11,-3.019,0,0.073,0.185,0.914,115.041,186776,4
2,CROOKED,G-DRAGON,0.665,0.919,2,-3.211,1,0.0922,0.00191,0.782,129.962,224793,4
3,Dream Girl,SHINee,0.724,0.939,11,-0.698,0,0.0736,0.0429,0.732,124.063,180165,4
4,I GOT A BOY,Girls' Generation,0.502,0.863,4,-1.273,0,0.272,0.0342,0.527,97.911,271326,4
5,ì²« ì¬ëë (Rum Pum Pum Pum),f(x),0.774,0.819,11,-2.976,1,0.0383,0.509,0.543,119.984,197672,4
6,Johnny,"Primary, Dynamicduo",0.737,0.605,1,-4.557,1,0.151,0.269,0.802,99.905,234292,4
7,BAAAM,"Dynamicduo, Muzie",0.61,0.8,7,-5.544,1,0.212,0.0443,0.682,99.193,220880,4
8,All Right,Lim Kim,0.756,0.888,1,-6.375,1,0.0387,0.337,0.948,125.887,208620,4
9,Rose,LeeHi,0.756,0.675,2,-6.619,1,0.0374,0.0446,0.401,124.977,222288,4
10,Crescendo,AKMU,0.77,0.731,6,-6.249,1,0.0645,0.0615,0.275,131.932,166257,4
11,My Love,Lee Seung Chul,0.452,0.372,9,-7.657,1,0.027,0.781,0.554,147.921,231834,4
12,"Love, At First",Busker Busker,0.522,0.526,2,-6.907,1,0.0375,0.333,0.345,161.903,242110,4
13,Bom Bom Bom,Roy Kim,0.636,0.719,4,-5.986,1,0.0267,0.392,0.603,94.993,208467,4
14,Bounce,Cho Yong Pil,0.811,0.641,0,-3.159,1,0.0369,0.269,0.827,125.003,183988,4
15,With Laughter or With Tears,Seo In Guk,0.614,0.486,7,-5.961,1,0.0445,0.733,0.222,66.038,194650,4
16,ê±°ë¶ì´,DAVICHI,0.7,0.719,10,-6.707,1,0.0402,0.323,0.502,117.994,225093,4
17,ì´ë ë´ë  One Spring Day,2AM,0.581,0.462,4,-6.329,1,0.0283,0.451,0.359,133.995,234095,4
18,ì²­í¼íë ê±°ìì,4MEN,0.478,0.55,9,-6.645,1,0.0383,0.572,0.271,126.002,249457,4
19,If It Ain't Love (feat. Ailee),"Verbal Jint, AILEE",0.697,0.893,4,-4.318,1,0.23,0.278,0.558,81.985,220500,4
20,JOAH - Remastered,"Jay Park, Remastered",0.52,0.9,11,-4.193,1,0.263,0.38,0.721,171.954,230088,4
21,You Can Stay,"Supreme Team, Crush",0.604,0.855,11,-4.211,0,0.264,0.348,0.692,94.79,225695,4
22,Miss Korea,Lee Hyori,0.735,0.593,7,-5.375,0,0.0364,0.558,0.697,127.045,235625,4
23,24ìê°ì´ ëª¨ìë¼,SUNMI,0.739,0.782,1,-3.964,1,0.103,0.00549,0.604,125.94,201590,4
24,Hush,miss A,0.769,0.807,5,-3.453,0,0.0494,0.275,0.673,125.999,186800,4
25,ê¸°ëí´,Girl's Day,0.72,0.949,0,-1.242,1,0.0925,0.136,0.822,126.969,196813,4
26,VOODOO DOLL,VIXX,0.567,0.952,4,-1.553,0,0.103,0.145,0.509,128.985,216226,4
27,YooHoo,Secret,0.757,0.892,2,-2.414,1,0.0671,0.109,0.902,151.07,204696,4
28,How are you (feat.Harim),Geeks,0.757,0.787,10,-4.834,0,0.0503,0.125,0.893,97.992,226743,4
0,Up & Down,EXID,0.714,0.812,7,-2.703,1,0.0351,0.00189,0.377,112.018,189882,4
1,Overdose,EXO-K,0.498,0.917,5,-1.797,0,0.164,0.0615,0.652,112.357,205612,5
2,200%,"AKMU, ë¡ë¹, ì´ì°¬í, LEE SUHYUN",0.853,0.638,1,-4.911,1,0.0536,0.379,0.872,102.064,193321,4
3,ë³´ë¦ë¬,"SUNMI, Lena",0.505,0.958,8,-3.202,0,0.337,0.264,0.743,176.016,202180,4
4,"ë,ì½,ì (Eyes, Nose, Lips)",TAEYANG,0.63,0.516,0,-5.759,1,0.0379,0.736,0.254,143.786,229990,4
5,Mr.Mr.,Girls' Generation,0.701,0.964,4,-2.037,0,0.127,0.114,0.484,113.058,235434,4
6,í¤íìë© Happen Ending,"Epik High, Joe Won Sun",0.827,0.636,11,-5.78,0,0.0427,0.0401,0.587,100.007,264349,4
7,BEAUTIFUL,"Park Boram, ZICO",0.763,0.802,0,-2.533,1,0.0553,0.165,0.924,129.972,209464,4
8,ê´íë¬¸ìì (At Gwanghwamun),KYUHYUN,0.53,0.375,3,-6.268,1,0.0285,0.72,0.204,135.821,282806,4
9,GOOD BOY,GD X TAEYANG,0.745,0.825,1,-3.162,0,0.0352,0.000875,0.242,94.998,245192,4
10,HER,Block B,0.646,0.897,8,-2.057,1,0.193,0.0453,0.86,162.017,179053,4
11,I'm Different,"HI SUHYUN, BOBBY",0.851,0.845,2,-2.293,0,0.0341,0.119,0.949,109.0,214254,4
12,ê³µíí´ empty,WINNER,0.619,0.698,0,-6.618,1,0.042,0.146,0.575,90.055,220358,4
13,COME BACK HOME,2NE1,0.572,0.84,0,-3.349,0,0.126,0.155,0.146,149.864,229627,4
14,Difficult Woman,Jang Beom June,0.712,0.74,11,-4.423,1,0.0445,0.102,0.747,119.959,231907,4
15,Sleepless Night (feat. Punch),"Crush, Punch",0.599,0.575,10,-5.792,1,0.0315,0.449,0.491,151.994,237539,4
16,Every moment of you ëì ëª¨ë  ìê°,Sung Si Kyung,0.366,0.385,10,-7.952,1,0.0336,0.816,0.244,139.982,243324,4
17,Wild Flower,Park Hyo Shin,0.281,0.322,8,-9.145,1,0.0309,0.722,0.247,134.699,314254,3
18,ì¬ëì ë¹ ì§ê³  ì¶ë¤,Jung Seung Hwan,0.511,0.0703,3,-15.846,1,0.0436,0.795,0.203,122.449,145334,4
19,Wind that Blows,M.C the Max,0.315,0.429,8,-6.856,1,0.0353,0.476,0.155,144.18,238465,4
20,No Answer,Hong Dae Kwang,0.585,0.77,10,-4.434,0,0.114,0.46,0.373,87.893,244752,4
21,Good bye ìë,Hyolyn,0.581,0.446,10,-8.412,1,0.0297,0.766,0.395,79.975,218920,4
22,I Love You Too,"Drunken Tiger, Yoon Mirae",0.599,0.696,1,-3.771,1,0.397,0.511,0.714,86.076,193400,4
23,Canât hide it,15&,0.588,0.744,6,-3.199,0,0.0586,0.133,0.648,96.03,184327,4
24,Good-night Kiss,Jun Hyo Seong,0.73,0.793,7,-4.605,1,0.0889,0.0676,0.716,132.987,205584,4
25,HAPPY TOGETHER,Park Hyo Shin,0.453,0.505,8,-7.891,1,0.0493,0.72,0.194,85.693,252140,4
26,ì¬ëì ë¹ ì§ê³  ì¶ë¤,Jung Seung Hwan,0.511,0.0703,3,-15.846,1,0.0436,0.795,0.203,122.449,145334,4
27,Three of Us,"TOY, Sung Si Kyung",0.494,0.671,5,-4.599,0,0.0365,0.529,0.33,88.972,285585,4
28,Good Luck,Beast,0.565,0.938,10,-2.756,0,0.106,0.094,0.577,100.043,202162,4
29,ì°ì° (feat. ì¤í),"Epik High, Younha",0.744,0.71,6,-5.939,1,0.0279,0.393,0.346,113.003,301720,4
0,View,SHINee,0.728,0.801,6,-4.428,0,0.0439,0.04,0.656,123.953,190821,4
1,BANG BANG BANG,BIGBANG,0.69,0.843,1,-2.949,1,0.0534,0.0167,0.428,135.01,220178,4
2,LOVE ME RIGHT,EXO,0.625,0.83,0,-2.33,1,0.0764,0.00266,0.757,110.04,205129,4
3,Dope,BTS,0.579,0.896,10,-2.781,0,0.224,0.0272,0.678,153.991,240021,4
4,I,"TAEYEON, Verbal Jint",0.506,0.788,9,-2.372,1,0.0324,0.0666,0.233,89.993,206039,4
5,I Feel You,Wonder Girls,0.491,0.897,10,-3.912,1,0.0544,0.0256,0.533,118.771,205373,4
6,ë¤ë¥¸ ë¨ì ë§ê³  ë Only You,miss A,0.638,0.767,0,-3.155,1,0.132,0.0527,0.406,168.076,198009,4
7,MY TYPE,iKON,0.789,0.55,1,-5.595,1,0.0392,0.202,0.698,93.984,210903,4
8,4 Walls,f(x),0.735,0.849,4,-4.308,0,0.129,0.212,0.223,125.972,207477,4
9,I Need U,BTS,0.486,0.88,5,-3.097,0,0.0706,0.0215,0.71,158.043,210987,4
10,Ice Cream Cake,Red Velvet,0.58,0.935,9,-3.348,1,0.189,0.0318,0.603,172.023,191440,4
11,ì´ë¨¸ëì´ ëêµ¬ë (Who's your mama?) (Feat. Jessi),J.Y. Park,0.692,0.83,1,-3.813,1,0.177,0.0262,0.53,115.006,221123,4
12,CALL ME BABY,EXO,0.692,0.886,1,-2.519,1,0.0519,0.284,0.879,100.03,211013,4
13,Devil,SUPER JUNIOR,0.773,0.865,4,-3.027,0,0.114,0.133,0.968,145.003,216585,4
14,Oasis,"Crush, ZICO",0.46,0.81,4,-4.158,0,0.254,0.222,0.836,96.207,191279,4
15,Boys And Girls,"ZICO, Babylon",0.815,0.75,1,-3.029,1,0.058,0.04,0.611,103.034,200170,4
16,CELEPRETTY,Park Boram,0.693,0.955,11,-1.476,1,0.0474,0.445,0.956,138.974,190776,4
17,Who Are You,"BoA, Gaeko",0.738,0.902,2,-2.362,1,0.0559,0.193,0.826,105.003,223721,4
18,Garosugil At Dawn,"Baek Ji Young, Song Yu Vin",0.42,0.442,9,-4.883,1,0.03,0.785,0.309,149.449,222234,3
19,Living in the same time,Naul,0.447,0.504,0,-6.472,1,0.0395,0.861,0.334,133.632,250480,4
20,Two Lovers,"DAVICHI, Mad Clown",0.534,0.755,7,-4.417,1,0.156,0.287,0.754,178.114,225750,4
21,PARTY,Girls' Generation,0.753,0.887,10,-2.975,0,0.0359,0.111,0.946,122.981,193814,4
22,ì´ë´ê±°ë©´ ê·¸ë¬ì§ë§ì§ Shouldn't Haveâ¦ (feat. Young K),Baek A Yeon,0.496,0.639,6,-3.145,1,0.0809,0.712,0.442,170.917,212762,3
23,Eat,Zion.T,0.662,0.293,4,-11.311,1,0.124,0.494,0.297,91.154,161618,4
24,Ordinary Love (feat. Park Boram),"Park Kyung, Park Boram",0.739,0.706,9,-6.534,1,0.152,0.219,0.558,144.112,232867,4
25,ë°ì-ë¶ (DÃ©jÃ -Boo),"JONGHYUN, Zion.T",0.818,0.748,5,-4.296,1,0.148,0.122,0.801,108.117,209176,4
26,Dumb Dumb,Red Velvet,0.778,0.789,7,-4.297,0,0.0503,0.0334,0.799,145.99,202543,4
27,Ah Yeah,EXID,0.762,0.939,11,-2.688,0,0.054,0.0483,0.428,117.986,199643,4
28,Chained Up,VIXX,0.728,0.941,9,-2.044,0,0.188,0.0955,0.924,92.065,192922,4
29,DADDY,"PSY, CL",0.762,0.869,6,-3.287,0,0.13,0.0793,0.747,132.05,230635,4
0,TT,TWICE,0.708,0.852,2,-4.398,1,0.0851,0.0525,0.396,129.946,212987,4
1,Monster,EXO,0.618,0.76,6,-4.312,1,0.0596,0.0066,0.541,150.0,221341,4
2,FXXK IT,BIGBANG,0.716,0.763,0,-3.001,0,0.0945,0.147,0.575,90.101,231748,4
3,Burning Up (Fire),BTS,0.627,0.706,10,-3.201,0,0.0597,0.00227,0.536,99.93,203352,4
4,PICK ME,PRODUCE 101,0.685,0.935,9,-2.056,1,0.125,0.029,0.622,128.024,226875,4
5,Why So Lonely,Wonder Girls,0.634,0.726,7,-5.086,1,0.133,0.111,0.809,155.161,206707,4
6,WHISTLE,BLACKPINK,0.818,0.723,11,-4.82,1,0.114,0.00561,0.607,102.945,211632,4
7,ë¬ìì ë£°ë  Russian Roulette,Red Velvet,0.726,0.903,7,-2.277,0,0.0357,0.055,0.958,129.986,211244,4
8,Tell Me What To Do,SHINee,0.602,0.926,7,-1.78,1,0.177,0.102,0.288,125.107,246787,4
9,Just Like a Dream,BEN,0.355,0.577,4,-5.796,1,0.0433,0.699,0.238,135.536,226715,4
10,Rain,TAEYEON,0.567,0.687,8,-3.269,1,0.0329,0.538,0.406,76.024,222047,4
11,No matter where,M.C the Max,0.463,0.45,6,-6.104,1,0.0301,0.568,0.331,131.69,331155,4
12,BREATHE,LeeHi,0.616,0.251,8,-8.454,1,0.038,0.803,0.356,123.802,288915,4
13,Bye bye my blue,Yerin Baek,0.511,0.539,3,-6.726,1,0.114,0.613,0.297,87.702,203410,4
14,Galaxy ì°ì£¼ë¥¼ ì¤ê²,BOL4,0.483,0.814,0,-2.407,1,0.143,0.683,0.696,82.814,213853,4
15,Toy,Block B,0.639,0.618,7,-5.397,1,0.0969,0.0441,0.392,90.07,206468,4
16,ALWAYS,Yoon Mirae,0.419,0.605,10,-3.452,1,0.0333,0.778,0.284,128.629,205193,4
17,Don't Come Back,"HEIZE, Yong Jun Hyung",0.486,0.524,7,-5.832,1,0.0631,0.548,0.265,92.11,217040,4
18,"I Am You, You Are Me",ZICO,0.768,0.618,9,-6.928,0,0.0529,0.317,0.7,96.975,213252,4
19,D (Half Moon),"DEAN, Gaeko",0.512,0.765,7,-5.252,1,0.136,0.246,0.519,169.709,229360,4
20,Day Day (Prod. By GRAY),"BewhY, Jay Park",0.824,0.883,10,-2.37,0,0.072,0.0718,0.871,117.987,209020,4
21,Donât Forget,"Crush, TAEYEON",0.661,0.629,5,-5.81,1,0.0327,0.438,0.258,93.948,219107,4
22,Youâre the Best,MAMAMOO,0.683,0.86,5,-3.243,0,0.0471,0.0395,0.703,122.03,230915,4
23,RE-BYE,AKMU,0.799,0.608,2,-5.474,0,0.068,0.476,0.924,127.995,188717,4
24,Very Very Very,I.O.I,0.744,0.963,7,-1.525,1,0.0616,0.136,0.788,102.985,203640,4
25,ìì so-so,Baek A Yeon,0.702,0.491,6,-4.441,1,0.0396,0.81,0.301,67.217,212642,4
26,ë´ì´ ì¢ë?? What The Spring??,10cm,0.866,0.37,1,-5.739,1,0.0327,0.597,0.841,94.018,205752,4
27,A Little Girl,OHHYUK,0.413,0.241,3,-9.682,1,0.0356,0.417,0.153,129.786,226275,4
28,You Are My Everything,Gummy,0.335,0.498,6,-5.121,1,0.0381,0.658,0.104,135.057,240590,4
29,ë´ì¸ê° ë´ Spring Love,"WENDY, Eric Nam",0.68,0.391,11,-6.906,1,0.0357,0.723,0.419,82.861,198750,4
0,DNA,BTS,0.598,0.775,1,-4.035,0,0.0545,0.022,0.687,129.819,223123,4
1,Ko Ko Bop,EXO,0.749,0.85,0,-4.346,1,0.0468,0.0319,0.672,145.983,190423,4
2,Energetic,Wanna One,0.714,0.886,0,-3.076,1,0.0461,0.058,0.752,125.046,189356,4
3,As If It's Your Last,BLACKPINK,0.786,0.852,8,-2.687,1,0.0813,0.0687,0.455,125.036,213264,4
4,Red Flavor,Red Velvet,0.709,0.917,9,-3.315,1,0.189,0.0409,0.515,125.042,191139,4
5,Likey,TWICE,0.723,0.903,4,-1.262,0,0.033,0.413,0.443,132.006,207813,4
6,"ë¬´ì (ç¡é¡) (Untitled, 2014)",G-DRAGON,0.583,0.461,4,-5.153,1,0.0321,0.785,0.263,79.826,222868,4
7,NEVER,Sons of People,0.693,0.844,0,-2.257,0,0.0578,0.617,0.717,110.012,196853,3
8,Artist,ZICO,0.875,0.855,11,-4.561,1,0.242,0.138,0.874,117.998,192827,4
9,DINOSAUR,AKMU,0.767,0.755,11,-3.938,0,0.03,0.303,0.631,120.978,240572,4
10,Complex,"Zion.T, DJ Dopsh, G-DRAGON",0.82,0.458,0,-10.207,1,0.369,0.576,0.546,95.015,207493,4
11,Dark Clouds,"HEIZE, nafla",0.893,0.714,1,-5.428,1,0.0444,0.0693,0.832,104.975,167944,4
12,Why Donât You Know,"CHUNG HA, Nucksal",0.703,0.923,9,-0.962,0,0.148,0.32,0.623,100.038,198420,4
13,Fine,TAEYEON,0.36,0.565,7,-4.898,1,0.0608,0.358,0.311,173.281,209157,4
14,REALLY REALLY,WINNER,0.765,0.77,2,-3.16,1,0.0592,0.167,0.581,103.005,203057,4
15,We Are,"Woo, Loco, GRAY",0.756,0.808,7,-3.272,1,0.0752,0.147,0.685,100.018,196020,4
16,DDD,EXID,0.718,0.794,11,-2.877,0,0.0703,0.0806,0.751,114.285,205821,4
17,Yes I Am,MAMAMOO,0.737,0.894,0,-2.779,1,0.254,0.14,0.648,120.115,211660,4
18,Phonecert,10cm,0.858,0.481,9,-3.649,1,0.104,0.391,0.773,107.96,197504,4
19,Come Over,"DEAN, Yerin Baek",0.496,0.63,6,-7.849,0,0.186,0.0747,0.318,168.225,266137,4
20,HOME IS FAR AWAY,"Epik High, OHHYUK",0.78,0.858,7,-6.331,0,0.128,0.357,0.5,93.984,291002,4
21,I LUV IT,PSY,0.874,0.764,5,-3.397,0,0.0488,0.029,0.887,124.954,188976,4
22,Beautiful,Wanna One,0.507,0.855,0,-3.62,1,0.15,0.415,0.391,159.808,196799,4
23,Don't Know You,HEIZE,0.699,0.562,4,-5.573,0,0.253,0.213,0.471,104.995,189410,4
24,Knock Knock,TWICE,0.672,0.968,1,-2.636,0,0.131,0.0243,0.473,129.971,195747,4
25,Open Up,Knock,0.563,0.815,5,-3.096,1,0.0391,0.0522,0.602,145.923,210547,4
26,Last Goodbye,AKMU,0.665,0.537,0,-4.65,1,0.0267,0.146,0.271,116.995,283800,4
27,LOVE ME LOVE ME,WINNER,0.754,0.816,9,-4.46,0,0.0694,0.0851,0.746,105.993,217309,4
28,LOVE STORY,"Epik High, IU",0.729,0.864,6,-4.957,1,0.104,0.561,0.761,92.982,236269,4
29,Burn It Up,Wanna One,0.642,0.849,11,-3.266,0,0.0563,0.0461,0.601,127.923,214942,4
30,New Face,PSY,0.836,0.728,0,-3.449,0,0.0563,0.0079,0.444,131.969,190234,4
31,It's Me (Pick Me),PRODUCE 101,0.505,0.963,7,-1.316,1,0.0573,0.0261,0.627,128.059,247311,4
32,Rookie,Red Velvet,0.683,0.938,8,-3.723,0,0.288,0.0888,0.868,164.1,197638,4
33,The Song,Zion.T,0.815,0.613,7,-5.009,1,0.0323,0.716,0.46,94.979,216627,4
34,WAKE ME UP,TAEYANG,0.577,0.513,10,-5.996,1,0.0292,0.0298,0.195,78.014,199458,4
35,"You, Clouds, Rain","HEIZE, Shin Yong Jae",0.509,0.502,1,-6.972,0,0.0915,0.765,0.341,79.16,205312,4
36,I Will Go To You Like the First Snow,AILEE,0.497,0.431,5,-4.755,0,0.0287,0.66,0.167,133.675,229678,4
37,Peek-A-Boo,Red Velvet,0.839,0.902,1,-3.612,0,0.0536,0.0868,0.639,114.953,189050,4
38,Never Ever,GOT7,0.794,0.835,5,-2.043,0,0.0961,0.266,0.771,101.039,194408,4
39,ç¡éçæ ë¬´íì ì; LIMITLESS,NCT 127,0.614,0.747,5,-5.655,0,0.0743,0.00934,0.538,78.216,247467,4
40,Holiday,Girls' Generation,0.709,0.867,1,-3.258,1,0.0672,0.0406,0.877,120.022,199563,4
41,Goodbye,2NE1,0.644,0.488,1,-4.042,1,0.0331,0.329,0.489,151.544,231445,4
42,Power,EXO,0.657,0.943,7,-3.031,1,0.0856,0.0315,0.76,127.958,222406,4
43,Shangri-La,VIXX,0.39,0.733,6,-3.513,0,0.174,0.155,0.511,77.59,202268,4
44,BLING BLING,iKON,0.781,0.94,2,-3.779,1,0.0669,0.069,0.537,125.009,219225,4
45,MOVE,TAEMIN,0.697,0.713,8,-5.273,0,0.115,0.0153,0.667,99.964,211949,4
46,YESTERDAY,Block B,0.63,0.868,8,-3.472,0,0.157,0.0813,0.854,141.905,168919,4
47,We Young,NCT DREAM,0.712,0.857,0,-4.194,1,0.0414,0.0579,0.338,123.041,224467,4
48,ë°ëì ìëë¤ I Smile,DAY6,0.48,0.858,4,-3.091,1,0.0336,0.00513,0.25,123.928,227159,4
49,Yes No Maybe,Suzy,0.633,0.781,1,-4.047,1,0.121,0.241,0.497,164.817,186987,4
0,FAKE LOVE,BTS,0.557,0.719,2,-4.515,0,0.0372,0.00267,0.344,77.501,242334,4
1,DDU-DU DDU-DU,BLACKPINK,0.671,0.859,4,-3.922,0,0.0833,0.0313,0.39,139.931,209355,4
2,Regular - English Version,NCT 127,0.741,0.747,9,-5.459,0,0.0956,0.263,0.831,134.039,219107,4
3,Bad Boy,Red Velvet,0.714,0.736,2,-3.801,1,0.0457,0.191,0.814,149.985,210818,4
4,LOVE SCENARIO,iKON,0.806,0.707,7,-4.623,1,0.0307,0.331,0.746,118.009,209648,4
5,La Vie en Rose - Japanese Ver.,IZ*ONE,0.605,0.927,2,-2.085,0,0.0711,0.0784,0.694,115.932,221543,4
6,BOOMERANG,Wanna One,0.729,0.913,1,-2.749,1,0.0781,0.0292,0.73,99.966,183475,4
7,Tempo,EXO,0.686,0.842,0,-4.423,1,0.1,0.237,0.519,115.944,224483,4
8,EVERYDAY,WINNER,0.857,0.6,7,-4.712,1,0.0705,0.289,0.711,120.023,206351,4
9,HANN (Alone),(G)I-DLE,0.709,0.718,6,-3.315,0,0.0312,0.059,0.24,104.971,205820,4
10,Shoot Out,Monsta X,0.613,0.868,6,-2.792,0,0.143,0.0599,0.394,165.133,207173,4
11,District 9,Stray Kids,0.646,0.954,9,-1.899,1,0.18,0.017,0.512,90.017,213587,4
12,favOriTe,LOONA,0.59,0.941,4,-1.497,0,0.0555,0.00841,0.581,98.986,194254,4
13,Roller Coaster,CHUNG HA,0.633,0.907,6,-1.459,0,0.048,0.317,0.74,130.001,212136,4
14,SOLO,JENNIE,0.752,0.642,3,-5.165,0,0.0869,0.0861,0.388,95.043,169567,4
15,Dejavu,NU'EST W,0.638,0.656,8,-5.074,0,0.188,0.249,0.53,107.867,199891,4
16,Jenga (feat. Gaeko),"HEIZE, Gaeko",0.711,0.73,1,-4.979,0,0.0436,0.269,0.604,93.015,210158,4
17,LOVE BOMB,fromis_9,0.625,0.931,6,-1.885,0,0.151,0.138,0.863,154.061,199965,4
18,Baby Donât Stop,"NCT, NCT U",0.827,0.739,8,-6.391,1,0.0744,0.0214,0.352,95.999,183020,4
19,seoul (prod. HONNE),RM,0.587,0.664,0,-8.63,1,0.0645,0.344,0.453,99.8,275955,4
20,POP/STARS,"K/DA, Madison Beer, (G)I-DLE, Jaira Burns, League of Legends",0.566,0.769,7,-4.342,1,0.0872,0.0183,0.385,170.036,191100,4
21,FLOWER ROAD,BIGBANG,0.71,0.654,1,-4.765,0,0.0858,0.124,0.624,94.862,228632,4
22,ë°ë¦¬ë¬ ê° Good Evening,SHINee,0.678,0.809,8,-4.162,1,0.0598,0.0383,0.561,119.979,223515,4
23,I Love You,EXID,0.695,0.832,9,-3.455,0,0.0288,0.000371,0.249,111.997,194699,4
24,Look,GOT7,0.643,0.913,5,-1.724,0,0.157,0.113,0.734,119.938,194535,4
25,Not That Type,gugudan,0.729,0.922,7,-2.133,1,0.122,0.0888,0.745,110.044,191994,4
26,FIANCÃ,MINO,0.664,0.737,5,-3.911,1,0.0304,0.026,0.505,139.904,207987,4
27,Way Back Home,SHAUN,0.745,0.739,10,-4.591,1,0.0327,0.405,0.556,99.913,214137,4
28,What is Love,TWICE,0.574,0.909,8,-1.573,1,0.0658,0.0987,0.569,169.966,208240,4
29,YOU AND I,Dreamcatcher,0.637,0.827,11,-2.669,0,0.0718,0.0794,0.518,96.997,195016,4
30,Turn It On ë¶ì ì¼,LABOUM,0.714,0.82,9,-3.73,1,0.0894,0.193,0.683,93.019,210683,4
31,dayfly,"DEAN, SULLI, Rad Museum",0.726,0.492,10,-8.046,0,0.0794,0.566,0.526,85.939,207113,4
32,Hello Tutorial,"Zion.T, ì¬ê¸° (SEULGI)",0.739,0.348,0,-7.477,1,0.0613,0.675,0.498,98.047,202343,4
33,Something New,TAEYEON,0.679,0.88,6,-2.344,0,0.239,0.15,0.789,98.022,200440,4
34,Pirate King,ATEEZ,0.507,0.946,3,-3.845,0,0.124,0.0427,0.494,173.004,195990,4
35,NEVERLAND,Holland,0.759,0.539,4,-7.573,1,0.301,0.0315,0.35,83.996,222929,4
36,Lo Siento,"SUPER JUNIOR, Leslie Grace, Play-N-Skillz",0.746,0.738,9,-3.67,1,0.207,0.0705,0.63,94.808,226184,4
37,Bar Code (Prod. GroovyRoom),"HAON, VINXEN",0.805,0.764,9,-5.275,1,0.219,0.263,0.298,105.016,222898,4
38,SEE SEA,Hyolyn,0.649,0.817,10,-2.974,0,0.0345,0.0753,0.601,118.023,200125,4
39,The Hardest Part,Roy Kim,0.4,0.274,5,-7.832,1,0.037,0.905,0.269,136.804,258323,4
40,"ONE SHOT, TWO SHOT",BoA,0.804,0.679,7,-5.82,0,0.067,0.24,0.483,119.948,210880,4
41,Tale ëí,MeloMance,0.682,0.43,8,-5.287,1,0.0331,0.762,0.526,99.97,227054,4
42,Mattress,10cm,0.735,0.49,0,-5.659,1,0.151,0.713,0.546,93.359,170755,4
43,I PROMISE YOU (I.P.U.) - Special Theme Track,Wanna One,0.651,0.831,8,-3.684,1,0.0437,0.104,0.743,130.046,220529,4
44,End of The Night,Punch,0.537,0.589,6,-5.954,0,0.0535,0.516,0.252,82.545,201566,4
45,Glass ì ë¦¬,MeloMance,0.388,0.25,5,-8.132,1,0.0317,0.959,0.221,123.353,255027,4
46,Spring Breeze,Wanna One,0.633,0.792,3,-3.202,1,0.0296,0.0908,0.368,107.963,235869,4
47,Sound of Winter,Park Hyo Shin,0.275,0.248,1,-10.831,1,0.0309,0.762,0.117,140.947,411713,3
48,There has never been a day I haven't loved you,Lim Changjung,0.548,0.678,5,-3.371,1,0.049,0.484,0.291,143.841,243059,4
49,Hi High,LOONA,0.669,0.919,7,-2.262,0,0.0711,0.0357,0.538,96.955,196864,4
50,Forever Young,BLACKPINK,0.592,0.961,4,-1.807,1,0.096,0.0423,0.508,109.826,237077,4
51,IDOL,"BTS, Nicki Minaj",0.709,0.857,9,-3.394,1,0.0881,0.00219,0.446,126.038,260234,4
52,Euphoria,BTS,0.637,0.799,2,-4.519,1,0.0338,0.394,0.562,104.995,228615,4
53,Power Up,Red Velvet,0.732,0.934,8,-4.618,1,0.144,0.0774,0.898,159.998,202040,4
54,HELP ME,NU'EST W,0.441,0.774,3,-5.202,0,0.0423,0.00699,0.359,152.01,210391,4
55,Magic Shop,BTS,0.541,0.661,1,-5.838,1,0.0889,0.103,0.285,149.926,275696,4
56,Dance The Night Away,TWICE,0.709,0.861,0,-2.905,1,0.0941,0.106,0.779,118.089,180800,4
57,KILLING ME,iKON,0.762,0.672,9,-5.277,0,0.073,0.463,0.507,128.001,193734,4
58,Anpanman,BTS,0.813,0.875,1,-2.92,0,0.0918,0.0237,0.756,99.004,232966,4
59,Daydream (ë°±ì¼ëª½),j-hope,0.748,0.961,8,-6.518,0,0.0875,0.00512,0.856,116.037,228759,4
60,BOSS,"NCT, NCT U",0.787,0.543,10,-6.7,0,0.037,0.0233,0.332,99.026,210641,4
61,Rumor,H.I.N.P (Hot Issue of Ntl. Producers),0.744,0.858,9,-3.015,0,0.0922,0.134,0.61,101.929,197077,4
62,PICK ME,PRODUCE 48,0.648,0.863,6,-3.913,1,0.0486,0.0221,0.606,128.038,279423,4
63,Lady,EXID,0.705,0.952,1,-2.896,0,0.0489,0.0337,0.633,107.001,190502,4
64,Lilâ Touch,Girls' Generation-Oh!GG,0.791,0.789,11,-4.694,0,0.104,0.0114,0.669,112.11,189846,4
65,YES or YES,TWICE,0.702,0.913,11,-2.977,1,0.0374,0.0514,0.735,137.981,237680,4
66,We Go Up,NCT DREAM,0.893,0.77,8,-4.692,1,0.107,0.0138,0.349,122.067,183293,4
67,SoulMate (feat. IU),"ZICO, IU",0.855,0.58,5,-6.951,1,0.141,0.234,0.518,96.998,219391,4
68,ë¹ì´ ë Shinin',JONGHYUN,0.741,0.853,0,-2.873,1,0.129,0.453,0.731,115.085,172372,4
69,Love U,CHUNG HA,0.774,0.92,8,-0.513,0,0.0694,0.333,0.685,120.039,190921,4
70,Wow Thing,"SEULGI, CHUNG HA, SinB, JEON SOYEON",0.703,0.894,5,-3.52,0,0.281,0.115,0.737,104.043,171998,4
71,Light,Wanna One,0.682,0.93,1,-2.52,0,0.119,0.214,0.727,139.93,209510,4
72,My Pace,Stray Kids,0.682,0.831,11,-4.234,0,0.253,0.0569,0.785,155.12,189325,4
73,Shoot Me,DAY6,0.583,0.916,1,-1.396,1,0.149,0.0683,0.732,167.933,175837,4
74,Woman,BoA,0.82,0.575,5,-4.385,0,0.0832,0.0725,0.788,107.024,170368,4
75,Only Then,Roy Kim,0.42,0.314,6,-7.368,1,0.0324,0.798,0.192,128.412,248836,4
76,SObeR,Suzy,0.962,0.788,1,-5.662,1,0.141,0.0529,0.825,119.974,186707,4
0,Kill This Love,BLACKPINK,0.738,0.861,2,-4.141,1,0.237,0.318,0.58,131.98,189052,4
1,Boy With Luv (feat. Halsey),"BTS, Halsey",0.645,0.862,11,-4.757,0,0.0965,0.0923,0.798,119.991,229773,4
2,Feel Special,TWICE,0.708,0.959,1,-1.338,1,0.0604,0.0296,0.644,128.981,206867,4
3,ë¬ë¼ë¬ë¼ (DALLA DALLA),ITZY,0.79,0.853,11,-4.564,0,0.0665,0.00116,0.713,124.998,199874,4
4,Highway to Heaven,NCT 127,0.642,0.729,6,-5.005,1,0.056,0.0297,0.536,112.966,200573,4
5,Gotta Go,CHUNG HA,0.531,0.83,3,-2.526,0,0.0446,0.0741,0.419,101.903,221813,4
6,Obsession,EXO,0.704,0.729,7,-3.851,1,0.0624,0.0024,0.71,129.992,203520,4
7,Bon Bon Chocolat,EVERGLOW,0.72,0.828,6,-5.559,1,0.0612,0.0343,0.633,139.928,228682,4
8,LION,(G)I-DLE,0.741,0.715,4,-5.206,0,0.034,0.0318,0.187,109.989,210973,4
9,HIT,SEVENTEEN,0.619,0.908,9,-3.97,0,0.2,0.0865,0.671,130.056,203507,4
10,Blueming,IU,0.819,0.674,0,-3.145,1,0.0587,0.0849,0.682,106.032,217053,4
11,ããæ¥ãé ­ãããããçãã (CROWN) - Japanese Ver.,TOMORROW X TOGETHER,0.632,0.805,5,-5.605,1,0.0429,0.071,0.576,110.965,230707,4
12,WHO DO U LOVE?,"Monsta X, French Montana",0.782,0.637,10,-5.63,0,0.264,0.28,0.389,101.989,189035,4
13,Zimzalabim,Red Velvet,0.68,0.878,5,-4.791,0,0.179,0.0028,0.531,127.991,190860,4
14,HIP,MAMAMOO,0.782,0.731,3,-4.581,0,0.143,0.0376,0.824,138.032,195307,4
15,Say My Name,ATEEZ,0.634,0.9,6,-2.614,0,0.0583,0.212,0.623,152.968,222024,4
16,MIROH,Stray Kids,0.563,0.979,9,-3.104,1,0.104,0.00911,0.503,126.063,207617,4
17,Butterfly,LOONA,0.582,0.866,7,-4.139,0,0.0414,0.0427,0.351,107.021,237756,4
18,Make It Right,BTS,0.638,0.703,7,-7.874,1,0.444,0.0104,0.261,105.766,226321,4
19,You Calling My Name,GOT7,0.813,0.667,0,-4.061,0,0.0616,0.0917,0.514,111.02,194708,4
20,LALALAY ë ë¼ë¦¬,SUNMI,0.699,0.806,11,-4.818,0,0.0494,0.00133,0.615,110.014,174880,4
21,PIRI,Dreamcatcher,0.507,0.869,2,-2.245,0,0.0594,0.18,0.507,170.043,206819,4
22,Violeta - Japanese Ver.,IZ*ONE,0.727,0.885,7,-2.696,1,0.0467,0.00165,0.683,114.993,202949,4
23,BIRTHDAY,SOMI,0.687,0.844,7,-4.242,1,0.109,0.0163,0.596,180.055,185796,4
24,%%(Eung Eung),Apink,0.647,0.855,5,-2.944,0,0.037,0.294,0.683,144.867,208105,4
25,Blue,TAEYEON,0.449,0.46,2,-7.081,1,0.0404,0.881,0.137,99.468,212842,4
26,TWIT,Hwa Sa,0.679,0.813,5,-3.367,0,0.199,0.122,0.584,136.067,190786,4
27,BOOM,NCT DREAM,0.914,0.516,5,-4.178,0,0.0918,0.131,0.702,119.969,195080,4
28,Valkyrie,ONEUS,0.731,0.817,9,-3.906,0,0.121,0.0254,0.657,127.952,207586,4
29,Don't Know What To Do,BLACKPINK,0.628,0.64,6,-4.164,0,0.0491,0.0992,0.409,129.815,201081,4
30,FANCY,TWICE,0.697,0.874,5,-2.15,0,0.0449,0.0122,0.775,132.018,213880,4
31,Home,SEVENTEEN,0.741,0.547,9,-5.029,1,0.253,0.427,0.615,87.977,203732,4
32,Jopping,SuperM,0.74,0.835,10,-3.425,0,0.0839,0.0139,0.535,123.024,251293,4
33,Chicken Noodle Soup (feat. Becky G),"j-hope, Becky G",0.826,0.817,2,-4.081,1,0.0921,0.00502,0.168,97.053,235497,4
34,No,CLC,0.76,0.722,6,-4.429,0,0.0908,0.00785,0.687,120.055,181976,4
35,All Night,ASTRO,0.57,0.784,11,-4.607,0,0.186,0.241,0.594,150.062,223747,4
36,Donât Need Your Love,"NCT DREAM, HRVY",0.619,0.881,7,-4.683,1,0.0834,0.0632,0.769,160.145,201880,3
37,UN Village,BAEKHYUN,0.674,0.589,6,-3.806,0,0.112,0.267,0.577,83.985,235509,4
38,NO ONE,"LeeHi, B.I",0.745,0.613,11,-5.368,0,0.0427,0.226,0.542,91.996,194596,4
39,Dumb Litty,KARD,0.76,0.887,9,-1.993,1,0.0409,0.037,0.24,130.018,193160,4
40,Humph!,PENTAGON,0.791,0.674,2,-4.025,1,0.0516,0.168,0.963,132.985,192613,4
41,ICY,ITZY,0.801,0.904,2,-2.819,1,0.0834,0.0324,0.814,124.979,191142,4
42,"How can I love the heartbreak, you're the one I love",AKMU,0.52,0.248,5,-8.675,1,0.0355,0.91,0.228,129.214,290096,4
43,Workaholic,BOL4,0.728,0.761,11,-3.008,0,0.0542,0.353,0.658,108.027,191080,4
44,I'M OK,iKON,0.676,0.597,0,-4.833,1,0.0346,0.335,0.433,89.882,216647,4
45,Come See Me,AOA,0.601,0.871,7,-1.469,1,0.0619,0.0374,0.66,127.978,202680,4
46,AH YEAH,WINNER,0.798,0.721,7,-5.052,1,0.0389,0.356,0.876,128.012,176906,4
47,FLASH,X1,0.672,0.908,7,-2.903,0,0.0596,0.031,0.584,132.045,211320,4
48,Iâm So Hot,MOMOLAND,0.75,0.883,6,-1.712,0,0.0432,0.226,0.85,127.069,200243,4
49,BREATHE,AB6IX,0.818,0.849,9,-4.399,0,0.206,0.0641,0.605,124.954,217824,4
0,MORE & MORE,TWICE,0.739,0.841,5,-4.162,1,0.06,0.0312,0.562,106.99,199653,4
1,Dynamite,BTS,0.746,0.765,6,-4.41,0,0.0993,0.0112,0.737,114.044,199054,4
2,How You Like That,BLACKPINK,0.828,0.782,11,-4.014,1,0.0918,0.0694,0.351,130.013,181264,4
3,WANNABE,ITZY,0.809,0.911,6,-4.41,0,0.0617,0.00795,0.64,122.035,191242,4
4,Any song,ZICO,0.874,0.787,10,-2.416,0,0.129,0.118,0.896,108.007,227227,4
5,DUN DUN,EVERGLOW,0.692,0.881,11,-2.563,0,0.0461,0.0457,0.433,103.055,192280,4
6,ON,BTS,0.583,0.817,9,-5.146,0,0.0987,0.118,0.438,105.936,246381,4
7,Not Shy,ITZY,0.776,0.911,2,-3.08,0,0.131,0.155,0.56,101.027,177728,4
8,Lovesick Girls,BLACKPINK,0.654,0.707,6,-5.661,1,0.0664,0.00559,0.448,127.97,194765,4
9,FIESTA,IZ*ONE,0.758,0.927,7,-2.105,1,0.0537,0.062,0.738,122.999,217760,4
10,Left & Right,SEVENTEEN,0.725,0.823,6,-3.868,0,0.115,0.132,0.958,149.994,201773,4
11,I CAN'T STOP ME,TWICE,0.657,0.88,10,-3.672,0,0.102,0.121,0.769,150.084,205493,4
12,Ice Cream (with Selena Gomez),"BLACKPINK, Selena Gomez",0.791,0.733,9,-3.852,1,0.35,0.0305,0.913,159.974,175813,4
13,Black Swan,BTS,0.719,0.758,2,-5.167,0,0.0851,0.137,0.49,147.023,198261,4
14,Life Goes On,BTS,0.566,0.716,1,-5.733,1,0.0424,0.00691,0.45,81.068,207481,4
15,eight(Prod.&Feat. SUGA of BTS),"IU, SUGA",0.676,0.869,1,-1.573,1,0.0423,0.115,0.594,120.029,167573,4
16,Daechwita,Agust D,0.65,0.827,8,-4.014,1,0.0599,0.0229,0.223,144.995,225668,4
17,Oh my god,(G)I-DLE,0.794,0.762,4,-3.525,0,0.0392,0.0358,0.482,109.97,195867,4
18,MORE & MORE,TWICE,0.739,0.841,5,-4.162,1,0.06,0.0312,0.562,106.99,199653,4
19,Secret Story of the Swan - Japanese Version,IZ*ONE,0.69,0.934,7,-0.975,0,0.0775,0.108,0.711,102.985,192320,4
20,Make A Wish (Birthday Song),NCT U,0.732,0.795,8,-2.263,1,0.1,0.0632,0.693,100.954,229400,4
21,Monster,Red Velvet - IRENE & SEULGI,0.631,0.748,4,-2.569,0,0.0488,0.212,0.351,115.665,178413,4
22,Godâs Menu,Stray Kids,0.689,0.771,5,-3.618,1,0.0548,0.00776,0.482,157.052,167922,4
23,Kick It,NCT 127,0.681,0.847,7,-2.462,1,0.0869,0.0306,0.507,167.031,233013,4
24,Candy,BAEKHYUN,0.649,0.767,11,-3.838,0,0.0455,0.24,0.608,149.918,227173,4
25,Black Mamba,aespa,0.52,0.915,2,-2.862,1,0.103,0.0618,0.5,90.069,174933,4
26,Feel Special,TWICE,0.708,0.959,1,-1.338,1,0.0604,0.0296,0.644,128.981,206867,4
27,FANCY,TWICE,0.697,0.874,5,-2.15,0,0.0449,0.0122,0.775,132.018,213880,4
28,Dolphin,OH MY GIRL,0.858,0.68,4,-4.531,1,0.0795,0.171,0.621,113.993,176773,4
29,Bet You Wanna,"BLACKPINK, Cardi B",0.541,0.688,7,-5.184,1,0.198,0.00479,0.649,109.843,159168,4
30,pporappippam ë³´ë¼ë¹ ë°¤,SUNMI,0.714,0.828,1,-4.68,0,0.0428,0.0513,0.318,120.014,206617,4
31,èãè½ã¡ãè±ã²ãã(Fallin' Flower),SEVENTEEN,0.641,0.85,9,-4.76,0,0.229,0.348,0.674,141.877,212333,4
32,Ridin',NCT DREAM,0.549,0.903,1,-1.483,0,0.045,0.178,0.513,150.009,201773,4
33,Maria,Hwa Sa,0.658,0.749,9,-2.967,0,0.0634,0.238,0.442,128.909,199027,4
34,Stay Tonight,CHUNG HA,0.625,0.831,2,-2.186,0,0.056,0.203,0.491,121.025,217239,4
35,HOME;RUN,SEVENTEEN,0.687,0.942,2,-2.817,1,0.0741,0.0613,0.765,96.106,184427,4
36,THE BADDEST,"K/DA, (G)I-DLE, Wolftyla, Bea Miller, League of Legends",0.676,0.857,10,-4.368,0,0.0438,0.0215,0.717,149.981,162600,4
37,Answer,ATEEZ,0.565,0.903,7,-1.918,1,0.0499,0.0746,0.54,97.968,219760,4
38,Nonstop,OH MY GIRL,0.753,0.91,0,-2.591,1,0.0517,0.171,0.825,123.983,202760,4
39,LA DI DA,EVERGLOW,0.477,0.85,3,-1.486,0,0.0911,0.00108,0.601,163.845,210893,4
40,Panorama,IZ*ONE,0.726,0.963,9,-1.111,0,0.0916,0.0429,0.769,126.062,222853,4
41,0415,Yerin Baek,0.831,0.6,0,-8.71,1,0.0602,0.134,0.378,119.984,264307,4
42,NOT BY THE MOON,GOT7,0.549,0.813,5,-4.828,0,0.148,0.0556,0.544,151.813,204702,4
43,IDEA (çæ³),TAEMIN,0.48,0.813,10,-5.437,0,0.0575,0.00456,0.7,120.888,193547,4
44,One (Monster & Infinity),SuperM,0.51,0.894,0,-2.649,1,0.149,0.0259,0.382,160.061,221040,4
45,Apple,GFRIEND,0.641,0.932,9,-4.877,1,0.156,0.0156,0.253,119.965,207252,4
46,Bon voyage,YooA,0.703,0.889,2,-3.537,1,0.0509,0.307,0.273,119.793,219587,4
47,BOY,TREASURE,0.757,0.791,6,-5.731,0,0.0476,0.0526,0.67,110.062,196667,4
48,Obliviate,Lovelyz,0.68,0.904,10,-2.056,0,0.117,0.287,0.602,117.995,202107,4
49,YESSIR,3YE,0.681,0.975,4,-1.438,0,0.0646,0.0626,0.726,94.998,198493,4
